,token,trialID,positionID,subtok,surp,ispunct,prefix,prompt,list_len,stimID,second_list
0,<|endoftext|>,0,0,-2,nan,False,1,1,3,1,control
1, Before,0,1,1,12.528407096862793,False,1,1,3,1,control
2, the,0,2,2,2.4726693630218506,False,1,1,3,1,control
3, meeting,0,3,3,6.759095191955566,False,1,1,3,1,control
4,",",0,4,-1,0.9914171695709229,True,1,1,3,1,control
5, Mary,0,5,4,8.550304412841797,False,1,1,3,1,control
6, wrote,0,6,5,6.019630432128906,False,1,1,3,1,control
7, down,0,7,6,4.496373653411865,False,1,1,3,1,control
8, the,0,8,7,1.2372602224349976,False,1,1,3,1,control
9, following,0,9,8,4.111538410186768,False,1,1,3,1,control
10, list,0,10,9,4.3674235343933105,False,1,1,3,1,control
11, of,0,11,10,0.19381344318389893,False,1,1,3,1,control
12, words,0,12,11,5.889780521392822,False,1,1,3,1,control
13,:,0,13,-1,1.3915541172027588,True,1,1,3,1,control
14, window,1,0,1,12.726151466369629,False,1,1,3,1,control
15,",",1,1,-1,1.0239530801773071,True,1,1,3,1,control
16, door,1,2,2,3.5542385578155518,False,1,1,3,1,control
17,",",1,3,-1,0.1568254977464676,True,1,1,3,1,control
18, roof,1,4,3,5.674091339111328,False,1,1,3,1,control
19,.,1,5,-1,2.918570041656494,True,1,1,3,1,control
20,There,2,0,0,11.060193061828613,False,1,1,3,1,control
21, is,2,1,1,2.391700029373169,False,1,1,3,1,control
22, a,2,2,2,1.588196873664856,False,1,1,3,1,control
23, voice,2,3,3,8.66386890411377,False,1,1,3,1,control
24, in,2,4,4,1.219748616218567,False,1,1,3,1,control
25, the,2,5,5,1.3831592798233032,False,1,1,3,1,control
26, waters,2,6,6,9.897096633911133,False,1,1,3,1,control
27, of,2,7,7,2.47064208984375,False,1,1,3,1,control
28, the,2,8,8,1.0957281589508057,False,1,1,3,1,control
29, great,2,9,9,6.458994388580322,False,1,1,3,1,control
30, sea,2,10,10,2.8741960525512695,False,1,1,3,1,control
31,.,2,11,-1,1.7038328647613525,True,1,1,3,1,control
32, It,2,12,11,2.5543136596679688,False,1,1,3,1,control
33, calls,2,13,12,3.3133163452148438,False,1,1,3,1,control
34, to,2,14,13,2.2928738594055176,False,1,1,3,1,control
35, man,2,15,14,7.327615261077881,False,1,1,3,1,control
36, continually,2,16,15,9.761185646057129,False,1,1,3,1,control
37,.,2,17,-1,2.0346665382385254,True,1,1,3,1,control
38, When,2,18,16,4.246213912963867,False,1,1,3,1,control
39, she,2,19,17,6.008328914642334,False,1,1,3,1,control
40, got,2,20,18,6.739406585693359,False,1,1,3,1,control
41, back,2,21,19,3.3692445755004883,False,1,1,3,1,control
42,",",2,22,-1,1.7156082391738892,True,1,1,3,1,control
43, she,2,23,20,1.1046535968780518,False,1,1,3,1,control
44, read,2,24,21,4.909974098205566,False,1,1,3,1,control
45, the,2,25,22,1.5328010320663452,False,1,1,3,1,control
46, list,2,26,23,3.0315489768981934,False,1,1,3,1,control
47, again,2,27,24,3.194570779800415,False,1,1,3,1,control
48,:,2,28,-1,2.2964928150177,True,1,1,3,1,control
49, cotton,3,0,1,11.51069450378418,False,1,1,3,1,control
50,",",3,1,-1,0.8127859234809875,True,1,1,3,1,control
51, wool,3,2,2,3.6314802169799805,False,1,1,3,1,control
52,",",3,3,-1,0.09224595129489899,True,1,1,3,1,control
53, silk,3,4,3,2.923553466796875,False,1,1,3,1,control
54,.,3,5,-1,1.9966245889663696,True,1,1,3,1,control
55,<|endoftext|>,3,6,-2,5.832818031311035,False,1,1,3,1,control
0,<|endoftext|>,0,0,-2,nan,False,1,1,3,2,control
1, Before,0,1,1,12.528407096862793,False,1,1,3,2,control
2, the,0,2,2,2.4726693630218506,False,1,1,3,2,control
3, meeting,0,3,3,6.759095191955566,False,1,1,3,2,control
4,",",0,4,-1,0.9914171695709229,True,1,1,3,2,control
5, Mary,0,5,4,8.550304412841797,False,1,1,3,2,control
6, wrote,0,6,5,6.019630432128906,False,1,1,3,2,control
7, down,0,7,6,4.496373653411865,False,1,1,3,2,control
8, the,0,8,7,1.2372602224349976,False,1,1,3,2,control
9, following,0,9,8,4.111538410186768,False,1,1,3,2,control
10, list,0,10,9,4.3674235343933105,False,1,1,3,2,control
11, of,0,11,10,0.19381344318389893,False,1,1,3,2,control
12, words,0,12,11,5.889780521392822,False,1,1,3,2,control
13,:,0,13,-1,1.3915541172027588,True,1,1,3,2,control
14, leg,1,0,1,12.512513160705566,False,1,1,3,2,control
15,",",1,1,-1,1.834148645401001,True,1,1,3,2,control
16, arms,1,2,2,6.776742935180664,False,1,1,3,2,control
17,",",1,3,-1,0.10344083607196808,True,1,1,3,2,control
18, head,1,4,3,4.029552459716797,False,1,1,3,2,control
19,.,1,5,-1,3.6186442375183105,True,1,1,3,2,control
20,There,2,0,0,11.13784122467041,False,1,1,3,2,control
21, is,2,1,1,2.24934983253479,False,1,1,3,2,control
22, a,2,2,2,1.6927993297576904,False,1,1,3,2,control
23, voice,2,3,3,8.577574729919434,False,1,1,3,2,control
24, in,2,4,4,1.2252360582351685,False,1,1,3,2,control
25, the,2,5,5,1.5937886238098145,False,1,1,3,2,control
26, waters,2,6,6,8.927123069763184,False,1,1,3,2,control
27, of,2,7,7,2.4671168327331543,False,1,1,3,2,control
28, the,2,8,8,1.1710350513458252,False,1,1,3,2,control
29, great,2,9,9,6.3423261642456055,False,1,1,3,2,control
30, sea,2,10,10,2.2073752880096436,False,1,1,3,2,control
31,.,2,11,-1,1.8687267303466797,True,1,1,3,2,control
32, It,2,12,11,2.5142388343811035,False,1,1,3,2,control
33, calls,2,13,12,3.465754747390747,False,1,1,3,2,control
34, to,2,14,13,2.481971502304077,False,1,1,3,2,control
35, man,2,15,14,6.968041896820068,False,1,1,3,2,control
36, continually,2,16,15,9.645767211914062,False,1,1,3,2,control
37,.,2,17,-1,2.1248369216918945,True,1,1,3,2,control
38, When,2,18,16,4.239023208618164,False,1,1,3,2,control
39, she,2,19,17,6.261422157287598,False,1,1,3,2,control
40, got,2,20,18,7.086528778076172,False,1,1,3,2,control
41, back,2,21,19,3.4125266075134277,False,1,1,3,2,control
42,",",2,22,-1,1.7491105794906616,True,1,1,3,2,control
43, she,2,23,20,1.1204880475997925,False,1,1,3,2,control
44, read,2,24,21,4.901303291320801,False,1,1,3,2,control
45, the,2,25,22,1.575648307800293,False,1,1,3,2,control
46, list,2,26,23,2.996382236480713,False,1,1,3,2,control
47, again,2,27,24,3.3304104804992676,False,1,1,3,2,control
48,:,2,28,-1,2.402604579925537,True,1,1,3,2,control
49, blue,3,0,1,8.199283599853516,False,1,1,3,2,control
50,",",3,1,-1,0.773432731628418,True,1,1,3,2,control
51, red,3,2,2,2.2884621620178223,False,1,1,3,2,control
52,",",3,3,-1,0.06495031714439392,True,1,1,3,2,control
53, green,3,4,3,1.4448755979537964,False,1,1,3,2,control
54,.,3,5,-1,2.239642858505249,True,1,1,3,2,control
55,<|endoftext|>,3,6,-2,5.844244003295898,False,1,1,3,2,control
0,<|endoftext|>,0,0,-2,nan,False,1,1,3,3,control
1, Before,0,1,1,12.528407096862793,False,1,1,3,3,control
2, the,0,2,2,2.4726693630218506,False,1,1,3,3,control
3, meeting,0,3,3,6.759095191955566,False,1,1,3,3,control
4,",",0,4,-1,0.9914171695709229,True,1,1,3,3,control
5, Mary,0,5,4,8.550304412841797,False,1,1,3,3,control
6, wrote,0,6,5,6.019630432128906,False,1,1,3,3,control
7, down,0,7,6,4.496373653411865,False,1,1,3,3,control
8, the,0,8,7,1.2372602224349976,False,1,1,3,3,control
9, following,0,9,8,4.111538410186768,False,1,1,3,3,control
10, list,0,10,9,4.3674235343933105,False,1,1,3,3,control
11, of,0,11,10,0.19381344318389893,False,1,1,3,3,control
12, words,0,12,11,5.889780521392822,False,1,1,3,3,control
13,:,0,13,-1,1.3915541172027588,True,1,1,3,3,control
14, sail,1,0,1,13.109341621398926,False,1,1,3,3,control
15,boat,1,1,1,3.1491873264312744,False,1,1,3,3,control
16,",",1,2,-1,0.7098559737205505,True,1,1,3,3,control
17, destroyer,1,3,2,7.337685585021973,False,1,1,3,3,control
18,",",1,4,-1,0.08284525573253632,True,1,1,3,3,control
19, battles,1,5,3,5.584854602813721,False,1,1,3,3,control
20,hip,1,6,3,0.0016945539973676205,False,1,1,3,3,control
21,.,1,7,-1,3.1345362663269043,True,1,1,3,3,control
22,There,2,0,0,10.725528717041016,False,1,1,3,3,control
23, is,2,1,1,2.1974611282348633,False,1,1,3,3,control
24, a,2,2,2,1.607017993927002,False,1,1,3,3,control
25, voice,2,3,3,9.174614906311035,False,1,1,3,3,control
26, in,2,4,4,1.1443023681640625,False,1,1,3,3,control
27, the,2,5,5,1.3459150791168213,False,1,1,3,3,control
28, waters,2,6,6,5.452593803405762,False,1,1,3,3,control
29, of,2,7,7,2.4023327827453613,False,1,1,3,3,control
30, the,2,8,8,1.1703307628631592,False,1,1,3,3,control
31, great,2,9,9,6.022103309631348,False,1,1,3,3,control
32, sea,2,10,10,2.1328396797180176,False,1,1,3,3,control
33,.,2,11,-1,1.7580220699310303,True,1,1,3,3,control
34, It,2,12,11,2.3830342292785645,False,1,1,3,3,control
35, calls,2,13,12,3.4264700412750244,False,1,1,3,3,control
36, to,2,14,13,2.38977313041687,False,1,1,3,3,control
37, man,2,15,14,7.097080230712891,False,1,1,3,3,control
38, continually,2,16,15,10.225037574768066,False,1,1,3,3,control
39,.,2,17,-1,2.27282452583313,True,1,1,3,3,control
40, When,2,18,16,4.213076114654541,False,1,1,3,3,control
41, she,2,19,17,6.001965045928955,False,1,1,3,3,control
42, got,2,20,18,8.112467765808105,False,1,1,3,3,control
43, back,2,21,19,3.279343366622925,False,1,1,3,3,control
44,",",2,22,-1,1.7746403217315674,True,1,1,3,3,control
45, she,2,23,20,1.1124699115753174,False,1,1,3,3,control
46, read,2,24,21,5.462733745574951,False,1,1,3,3,control
47, the,2,25,22,1.5521656274795532,False,1,1,3,3,control
48, list,2,26,23,2.7123382091522217,False,1,1,3,3,control
49, again,2,27,24,3.500570774078369,False,1,1,3,3,control
50,:,2,28,-1,2.495958089828491,True,1,1,3,3,control
51, fly,3,0,1,7.56533145904541,False,1,1,3,3,control
52,",",3,1,-1,1.185743808746338,True,1,1,3,3,control
53, ant,3,2,2,8.685685157775879,False,1,1,3,3,control
54,",",3,3,-1,2.1965723037719727,True,1,1,3,3,control
55, bee,3,4,3,7.478402137756348,False,1,1,3,3,control
56,.,3,5,-1,2.979161024093628,True,1,1,3,3,control
57,<|endoftext|>,3,6,-2,5.64944314956665,False,1,1,3,3,control
0,<|endoftext|>,0,0,-2,nan,False,1,1,3,4,control
1, Before,0,1,1,12.528407096862793,False,1,1,3,4,control
2, the,0,2,2,2.4726693630218506,False,1,1,3,4,control
3, meeting,0,3,3,6.759095191955566,False,1,1,3,4,control
4,",",0,4,-1,0.9914171695709229,True,1,1,3,4,control
5, Mary,0,5,4,8.550304412841797,False,1,1,3,4,control
6, wrote,0,6,5,6.019630432128906,False,1,1,3,4,control
7, down,0,7,6,4.496373653411865,False,1,1,3,4,control
8, the,0,8,7,1.2372602224349976,False,1,1,3,4,control
9, following,0,9,8,4.111538410186768,False,1,1,3,4,control
10, list,0,10,9,4.3674235343933105,False,1,1,3,4,control
11, of,0,11,10,0.19381344318389893,False,1,1,3,4,control
12, words,0,12,11,5.889780521392822,False,1,1,3,4,control
13,:,0,13,-1,1.3915541172027588,True,1,1,3,4,control
14, rob,1,0,1,12.253327369689941,False,1,1,3,4,control
15,in,1,1,1,2.389284610748291,False,1,1,3,4,control
16,",",1,2,-1,1.0901949405670166,True,1,1,3,4,control
17, sp,1,3,2,6.792693138122559,False,1,1,3,4,control
18,arrow,1,4,2,1.179173469543457,False,1,1,3,4,control
19,",",1,5,-1,0.0899936631321907,True,1,1,3,4,control
20, her,1,6,3,7.7856903076171875,False,1,1,3,4,control
21,on,1,7,3,1.2746832370758057,False,1,1,3,4,control
22,.,1,8,-1,3.6420905590057373,True,1,1,3,4,control
23,There,2,0,0,10.615617752075195,False,1,1,3,4,control
24, is,2,1,1,2.219062089920044,False,1,1,3,4,control
25, a,2,2,2,1.550990104675293,False,1,1,3,4,control
26, voice,2,3,3,8.665531158447266,False,1,1,3,4,control
27, in,2,4,4,1.2027565240859985,False,1,1,3,4,control
28, the,2,5,5,1.2269550561904907,False,1,1,3,4,control
29, waters,2,6,6,7.430774688720703,False,1,1,3,4,control
30, of,2,7,7,2.2621803283691406,False,1,1,3,4,control
31, the,2,8,8,1.0000027418136597,False,1,1,3,4,control
32, great,2,9,9,6.142658710479736,False,1,1,3,4,control
33, sea,2,10,10,2.3470280170440674,False,1,1,3,4,control
34,.,2,11,-1,1.9702001810073853,True,1,1,3,4,control
35, It,2,12,11,2.6730713844299316,False,1,1,3,4,control
36, calls,2,13,12,3.191201686859131,False,1,1,3,4,control
37, to,2,14,13,2.4933831691741943,False,1,1,3,4,control
38, man,2,15,14,7.00300407409668,False,1,1,3,4,control
39, continually,2,16,15,9.691699981689453,False,1,1,3,4,control
40,.,2,17,-1,1.9707331657409668,True,1,1,3,4,control
41, When,2,18,16,4.297659873962402,False,1,1,3,4,control
42, she,2,19,17,5.872978210449219,False,1,1,3,4,control
43, got,2,20,18,7.129265785217285,False,1,1,3,4,control
44, back,2,21,19,3.579133987426758,False,1,1,3,4,control
45,",",2,22,-1,1.72602379322052,True,1,1,3,4,control
46, she,2,23,20,1.1072096824645996,False,1,1,3,4,control
47, read,2,24,21,5.309554100036621,False,1,1,3,4,control
48, the,2,25,22,1.5770899057388306,False,1,1,3,4,control
49, list,2,26,23,3.0911738872528076,False,1,1,3,4,control
50, again,2,27,24,3.2823331356048584,False,1,1,3,4,control
51,:,2,28,-1,2.3823583126068115,True,1,1,3,4,control
52, log,3,0,1,9.612279891967773,False,1,1,3,4,control
53,",",3,1,-1,0.3950508236885071,True,1,1,3,4,control
54, cat,3,2,2,4.842031955718994,False,1,1,3,4,control
55,",",3,3,-1,0.6325586438179016,True,1,1,3,4,control
56, horse,3,4,3,5.0685625076293945,False,1,1,3,4,control
57,.,3,5,-1,2.0327017307281494,True,1,1,3,4,control
58,<|endoftext|>,3,6,-2,5.5674638748168945,False,1,1,3,4,control
0,<|endoftext|>,0,0,-2,nan,False,1,1,3,5,control
1, Before,0,1,1,12.528407096862793,False,1,1,3,5,control
2, the,0,2,2,2.4726693630218506,False,1,1,3,5,control
3, meeting,0,3,3,6.759095191955566,False,1,1,3,5,control
4,",",0,4,-1,0.9914171695709229,True,1,1,3,5,control
5, Mary,0,5,4,8.550304412841797,False,1,1,3,5,control
6, wrote,0,6,5,6.019630432128906,False,1,1,3,5,control
7, down,0,7,6,4.496373653411865,False,1,1,3,5,control
8, the,0,8,7,1.2372602224349976,False,1,1,3,5,control
9, following,0,9,8,4.111538410186768,False,1,1,3,5,control
10, list,0,10,9,4.3674235343933105,False,1,1,3,5,control
11, of,0,11,10,0.19381344318389893,False,1,1,3,5,control
12, words,0,12,11,5.889780521392822,False,1,1,3,5,control
13,:,0,13,-1,1.3915541172027588,True,1,1,3,5,control
14, apple,1,0,1,11.40364933013916,False,1,1,3,5,control
15,",",1,1,-1,0.9844260811805725,True,1,1,3,5,control
16, pear,1,2,2,4.991515159606934,False,1,1,3,5,control
17,",",1,3,-1,0.08136355131864548,True,1,1,3,5,control
18, banana,1,4,3,4.507816314697266,False,1,1,3,5,control
19,.,1,5,-1,3.641310453414917,True,1,1,3,5,control
20,There,2,0,0,10.877132415771484,False,1,1,3,5,control
21, is,2,1,1,2.2703797817230225,False,1,1,3,5,control
22, a,2,2,2,1.5866217613220215,False,1,1,3,5,control
23, voice,2,3,3,8.685367584228516,False,1,1,3,5,control
24, in,2,4,4,1.1330652236938477,False,1,1,3,5,control
25, the,2,5,5,1.7435646057128906,False,1,1,3,5,control
26, waters,2,6,6,8.80899429321289,False,1,1,3,5,control
27, of,2,7,7,2.0110058784484863,False,1,1,3,5,control
28, the,2,8,8,1.2290397882461548,False,1,1,3,5,control
29, great,2,9,9,7.0350236892700195,False,1,1,3,5,control
30, sea,2,10,10,2.7594637870788574,False,1,1,3,5,control
31,.,2,11,-1,1.8139333724975586,True,1,1,3,5,control
32, It,2,12,11,2.2342569828033447,False,1,1,3,5,control
33, calls,2,13,12,3.255577564239502,False,1,1,3,5,control
34, to,2,14,13,2.540069580078125,False,1,1,3,5,control
35, man,2,15,14,7.571475505828857,False,1,1,3,5,control
36, continually,2,16,15,9.724781036376953,False,1,1,3,5,control
37,.,2,17,-1,1.941880226135254,True,1,1,3,5,control
38, When,2,18,16,4.177353858947754,False,1,1,3,5,control
39, she,2,19,17,6.03009033203125,False,1,1,3,5,control
40, got,2,20,18,6.912015438079834,False,1,1,3,5,control
41, back,2,21,19,3.33866286277771,False,1,1,3,5,control
42,",",2,22,-1,1.8802952766418457,True,1,1,3,5,control
43, she,2,23,20,1.0797486305236816,False,1,1,3,5,control
44, read,2,24,21,4.804245948791504,False,1,1,3,5,control
45, the,2,25,22,1.5376375913619995,False,1,1,3,5,control
46, list,2,26,23,2.779218912124634,False,1,1,3,5,control
47, again,2,27,24,3.0647168159484863,False,1,1,3,5,control
48,:,2,28,-1,2.537508487701416,True,1,1,3,5,control
49, murder,3,0,1,11.450267791748047,False,1,1,3,5,control
50,",",3,1,-1,0.2816946804523468,True,1,1,3,5,control
51, rape,3,2,2,2.4500205516815186,False,1,1,3,5,control
52,",",3,3,-1,0.0974215492606163,True,1,1,3,5,control
53, robbery,3,4,3,3.3397295475006104,False,1,1,3,5,control
54,.,3,5,-1,2.031665325164795,True,1,1,3,5,control
55,<|endoftext|>,3,6,-2,5.877624988555908,False,1,1,3,5,control
0,<|endoftext|>,0,0,-2,nan,False,1,1,5,1,control
1, Before,0,1,1,12.528407096862793,False,1,1,5,1,control
2, the,0,2,2,2.4726693630218506,False,1,1,5,1,control
3, meeting,0,3,3,6.759095191955566,False,1,1,5,1,control
4,",",0,4,-1,0.9914171695709229,True,1,1,5,1,control
5, Mary,0,5,4,8.550304412841797,False,1,1,5,1,control
6, wrote,0,6,5,6.019630432128906,False,1,1,5,1,control
7, down,0,7,6,4.496373653411865,False,1,1,5,1,control
8, the,0,8,7,1.2372602224349976,False,1,1,5,1,control
9, following,0,9,8,4.111538410186768,False,1,1,5,1,control
10, list,0,10,9,4.3674235343933105,False,1,1,5,1,control
11, of,0,11,10,0.19381344318389893,False,1,1,5,1,control
12, words,0,12,11,5.889780521392822,False,1,1,5,1,control
13,:,0,13,-1,1.3915541172027588,True,1,1,5,1,control
14, window,1,0,1,12.726151466369629,False,1,1,5,1,control
15,",",1,1,-1,1.0239530801773071,True,1,1,5,1,control
16, door,1,2,2,3.5542385578155518,False,1,1,5,1,control
17,",",1,3,-1,0.1568254977464676,True,1,1,5,1,control
18, roof,1,4,3,5.674091339111328,False,1,1,5,1,control
19,",",1,5,-1,0.15485818684101105,True,1,1,5,1,control
20, wall,1,6,4,4.273303985595703,False,1,1,5,1,control
21,",",1,7,-1,0.18875069916248322,True,1,1,5,1,control
22, floor,1,8,5,2.986845016479492,False,1,1,5,1,control
23,.,1,9,-1,2.4786839485168457,True,1,1,5,1,control
24,There,2,0,0,11.153623580932617,False,1,1,5,1,control
25, is,2,1,1,2.5304367542266846,False,1,1,5,1,control
26, a,2,2,2,1.6423485279083252,False,1,1,5,1,control
27, voice,2,3,3,8.987865447998047,False,1,1,5,1,control
28, in,2,4,4,1.1925631761550903,False,1,1,5,1,control
29, the,2,5,5,1.3588197231292725,False,1,1,5,1,control
30, waters,2,6,6,10.019960403442383,False,1,1,5,1,control
31, of,2,7,7,2.4588069915771484,False,1,1,5,1,control
32, the,2,8,8,1.1340093612670898,False,1,1,5,1,control
33, great,2,9,9,6.731768608093262,False,1,1,5,1,control
34, sea,2,10,10,2.954258441925049,False,1,1,5,1,control
35,.,2,11,-1,1.7774258852005005,True,1,1,5,1,control
36, It,2,12,11,2.3604884147644043,False,1,1,5,1,control
37, calls,2,13,12,3.249131202697754,False,1,1,5,1,control
38, to,2,14,13,2.280247449874878,False,1,1,5,1,control
39, man,2,15,14,7.343621730804443,False,1,1,5,1,control
40, continually,2,16,15,9.832768440246582,False,1,1,5,1,control
41,.,2,17,-1,2.046630620956421,True,1,1,5,1,control
42, When,2,18,16,4.180400371551514,False,1,1,5,1,control
43, she,2,19,17,6.047230243682861,False,1,1,5,1,control
44, got,2,20,18,6.694648742675781,False,1,1,5,1,control
45, back,2,21,19,3.3541934490203857,False,1,1,5,1,control
46,",",2,22,-1,1.7369078397750854,True,1,1,5,1,control
47, she,2,23,20,1.1226255893707275,False,1,1,5,1,control
48, read,2,24,21,4.866066932678223,False,1,1,5,1,control
49, the,2,25,22,1.5308027267456055,False,1,1,5,1,control
50, list,2,26,23,2.8159756660461426,False,1,1,5,1,control
51, again,2,27,24,3.148622989654541,False,1,1,5,1,control
52,:,2,28,-1,2.3270342350006104,True,1,1,5,1,control
53, cotton,3,0,1,11.419412612915039,False,1,1,5,1,control
54,",",3,1,-1,0.8015134334564209,True,1,1,5,1,control
55, wool,3,2,2,3.423827886581421,False,1,1,5,1,control
56,",",3,3,-1,0.06962660700082779,True,1,1,5,1,control
57, silk,3,4,3,2.701873302459717,False,1,1,5,1,control
58,",",3,5,-1,0.1488228440284729,True,1,1,5,1,control
59, ray,3,6,4,6.768268585205078,False,1,1,5,1,control
60,on,3,7,4,0.11842126399278641,False,1,1,5,1,control
61,",",3,8,-1,0.2567916512489319,True,1,1,5,1,control
62, linen,3,9,5,3.217996597290039,False,1,1,5,1,control
63,.,3,10,-1,1.7336819171905518,True,1,1,5,1,control
64,<|endoftext|>,3,11,-2,6.014208793640137,False,1,1,5,1,control
0,<|endoftext|>,0,0,-2,nan,False,1,1,5,2,control
1, Before,0,1,1,12.528407096862793,False,1,1,5,2,control
2, the,0,2,2,2.4726693630218506,False,1,1,5,2,control
3, meeting,0,3,3,6.759095191955566,False,1,1,5,2,control
4,",",0,4,-1,0.9914171695709229,True,1,1,5,2,control
5, Mary,0,5,4,8.550304412841797,False,1,1,5,2,control
6, wrote,0,6,5,6.019630432128906,False,1,1,5,2,control
7, down,0,7,6,4.496373653411865,False,1,1,5,2,control
8, the,0,8,7,1.2372602224349976,False,1,1,5,2,control
9, following,0,9,8,4.111538410186768,False,1,1,5,2,control
10, list,0,10,9,4.3674235343933105,False,1,1,5,2,control
11, of,0,11,10,0.19381344318389893,False,1,1,5,2,control
12, words,0,12,11,5.889780521392822,False,1,1,5,2,control
13,:,0,13,-1,1.3915541172027588,True,1,1,5,2,control
14, leg,1,0,1,12.512513160705566,False,1,1,5,2,control
15,",",1,1,-1,1.834148645401001,True,1,1,5,2,control
16, arms,1,2,2,6.776742935180664,False,1,1,5,2,control
17,",",1,3,-1,0.10344083607196808,True,1,1,5,2,control
18, head,1,4,3,4.029552459716797,False,1,1,5,2,control
19,",",1,5,-1,0.14968064427375793,True,1,1,5,2,control
20, eye,1,6,4,4.961529731750488,False,1,1,5,2,control
21,",",1,7,-1,0.12884046137332916,True,1,1,5,2,control
22, foot,1,8,5,3.9116532802581787,False,1,1,5,2,control
23,.,1,9,-1,2.804809331893921,True,1,1,5,2,control
24,There,2,0,0,11.02678108215332,False,1,1,5,2,control
25, is,2,1,1,2.3421764373779297,False,1,1,5,2,control
26, a,2,2,2,1.7091048955917358,False,1,1,5,2,control
27, voice,2,3,3,8.720850944519043,False,1,1,5,2,control
28, in,2,4,4,1.2119888067245483,False,1,1,5,2,control
29, the,2,5,5,1.4182178974151611,False,1,1,5,2,control
30, waters,2,6,6,8.916788101196289,False,1,1,5,2,control
31, of,2,7,7,2.5401883125305176,False,1,1,5,2,control
32, the,2,8,8,1.1220805644989014,False,1,1,5,2,control
33, great,2,9,9,6.475517749786377,False,1,1,5,2,control
34, sea,2,10,10,2.2053933143615723,False,1,1,5,2,control
35,.,2,11,-1,1.9132940769195557,True,1,1,5,2,control
36, It,2,12,11,2.3427958488464355,False,1,1,5,2,control
37, calls,2,13,12,3.3311755657196045,False,1,1,5,2,control
38, to,2,14,13,2.4249093532562256,False,1,1,5,2,control
39, man,2,15,14,6.858765602111816,False,1,1,5,2,control
40, continually,2,16,15,9.610034942626953,False,1,1,5,2,control
41,.,2,17,-1,2.168438673019409,True,1,1,5,2,control
42, When,2,18,16,4.125051975250244,False,1,1,5,2,control
43, she,2,19,17,6.346746444702148,False,1,1,5,2,control
44, got,2,20,18,7.221592426300049,False,1,1,5,2,control
45, back,2,21,19,3.440187692642212,False,1,1,5,2,control
46,",",2,22,-1,1.7694215774536133,True,1,1,5,2,control
47, she,2,23,20,1.1646078824996948,False,1,1,5,2,control
48, read,2,24,21,4.9197187423706055,False,1,1,5,2,control
49, the,2,25,22,1.5507184267044067,False,1,1,5,2,control
50, list,2,26,23,2.952688694000244,False,1,1,5,2,control
51, again,2,27,24,3.418442726135254,False,1,1,5,2,control
52,:,2,28,-1,2.412111282348633,True,1,1,5,2,control
53, blue,3,0,1,8.263940811157227,False,1,1,5,2,control
54,",",3,1,-1,0.7624672055244446,True,1,1,5,2,control
55, red,3,2,2,2.171215772628784,False,1,1,5,2,control
56,",",3,3,-1,0.04334745183587074,True,1,1,5,2,control
57, green,3,4,3,1.3621559143066406,False,1,1,5,2,control
58,",",3,5,-1,0.11915306001901627,True,1,1,5,2,control
59, yellow,3,6,4,1.2305604219436646,False,1,1,5,2,control
60,",",3,7,-1,0.2410048544406891,True,1,1,5,2,control
61, black,3,8,5,3.384965658187866,False,1,1,5,2,control
62,.,3,9,-1,1.7164722681045532,True,1,1,5,2,control
63,<|endoftext|>,3,10,-2,5.957156658172607,False,1,1,5,2,control
0,<|endoftext|>,0,0,-2,nan,False,1,1,5,3,control
1, Before,0,1,1,12.528407096862793,False,1,1,5,3,control
2, the,0,2,2,2.4726693630218506,False,1,1,5,3,control
3, meeting,0,3,3,6.759095191955566,False,1,1,5,3,control
4,",",0,4,-1,0.9914171695709229,True,1,1,5,3,control
5, Mary,0,5,4,8.550304412841797,False,1,1,5,3,control
6, wrote,0,6,5,6.019630432128906,False,1,1,5,3,control
7, down,0,7,6,4.496373653411865,False,1,1,5,3,control
8, the,0,8,7,1.2372602224349976,False,1,1,5,3,control
9, following,0,9,8,4.111538410186768,False,1,1,5,3,control
10, list,0,10,9,4.3674235343933105,False,1,1,5,3,control
11, of,0,11,10,0.19381344318389893,False,1,1,5,3,control
12, words,0,12,11,5.889780521392822,False,1,1,5,3,control
13,:,0,13,-1,1.3915541172027588,True,1,1,5,3,control
14, sail,1,0,1,13.109341621398926,False,1,1,5,3,control
15,boat,1,1,1,3.1491873264312744,False,1,1,5,3,control
16,",",1,2,-1,0.7098559737205505,True,1,1,5,3,control
17, destroyer,1,3,2,7.337685585021973,False,1,1,5,3,control
18,",",1,4,-1,0.08284525573253632,True,1,1,5,3,control
19, battles,1,5,3,5.584854602813721,False,1,1,5,3,control
20,hip,1,6,3,0.0016945539973676205,False,1,1,5,3,control
21,",",1,7,-1,0.1391996145248413,True,1,1,5,3,control
22, cruiser,1,8,4,2.838001012802124,False,1,1,5,3,control
23,",",1,9,-1,0.11623264104127884,True,1,1,5,3,control
24, submarine,1,10,5,4.29527473449707,False,1,1,5,3,control
25,.,1,11,-1,2.7472283840179443,True,1,1,5,3,control
26,There,2,0,0,10.850401878356934,False,1,1,5,3,control
27, is,2,1,1,2.2698721885681152,False,1,1,5,3,control
28, a,2,2,2,1.6107878684997559,False,1,1,5,3,control
29, voice,2,3,3,9.268143653869629,False,1,1,5,3,control
30, in,2,4,4,1.1185836791992188,False,1,1,5,3,control
31, the,2,5,5,1.3516381978988647,False,1,1,5,3,control
32, waters,2,6,6,5.60629940032959,False,1,1,5,3,control
33, of,2,7,7,2.334246873855591,False,1,1,5,3,control
34, the,2,8,8,1.147021770477295,False,1,1,5,3,control
35, great,2,9,9,6.272134780883789,False,1,1,5,3,control
36, sea,2,10,10,2.442309856414795,False,1,1,5,3,control
37,.,2,11,-1,1.7365984916687012,True,1,1,5,3,control
38, It,2,12,11,2.130110025405884,False,1,1,5,3,control
39, calls,2,13,12,3.409759998321533,False,1,1,5,3,control
40, to,2,14,13,2.4458916187286377,False,1,1,5,3,control
41, man,2,15,14,7.144266605377197,False,1,1,5,3,control
42, continually,2,16,15,10.539963722229004,False,1,1,5,3,control
43,.,2,17,-1,2.224296808242798,True,1,1,5,3,control
44, When,2,18,16,4.118676662445068,False,1,1,5,3,control
45, she,2,19,17,5.976161956787109,False,1,1,5,3,control
46, got,2,20,18,7.9640607833862305,False,1,1,5,3,control
47, back,2,21,19,3.2416982650756836,False,1,1,5,3,control
48,",",2,22,-1,1.8617594242095947,True,1,1,5,3,control
49, she,2,23,20,1.114937663078308,False,1,1,5,3,control
50, read,2,24,21,5.184999465942383,False,1,1,5,3,control
51, the,2,25,22,1.5477360486984253,False,1,1,5,3,control
52, list,2,26,23,2.180382490158081,False,1,1,5,3,control
53, again,2,27,24,3.3422985076904297,False,1,1,5,3,control
54,:,2,28,-1,2.604555368423462,True,1,1,5,3,control
55, fly,3,0,1,7.525454521179199,False,1,1,5,3,control
56,",",3,1,-1,1.2183836698532104,True,1,1,5,3,control
57, ant,3,2,2,8.952285766601562,False,1,1,5,3,control
58,",",3,3,-1,1.9094974994659424,True,1,1,5,3,control
59, bee,3,4,3,7.116720199584961,False,1,1,5,3,control
60,",",3,5,-1,0.22477072477340698,True,1,1,5,3,control
61, mosquito,3,6,4,7.416289329528809,False,1,1,5,3,control
62,",",3,7,-1,0.12565696239471436,True,1,1,5,3,control
63, spider,3,8,5,5.43808126449585,False,1,1,5,3,control
64,.,3,9,-1,2.2803165912628174,True,1,1,5,3,control
65,<|endoftext|>,3,10,-2,5.81297492980957,False,1,1,5,3,control
0,<|endoftext|>,0,0,-2,nan,False,1,1,5,4,control
1, Before,0,1,1,12.528407096862793,False,1,1,5,4,control
2, the,0,2,2,2.4726693630218506,False,1,1,5,4,control
3, meeting,0,3,3,6.759095191955566,False,1,1,5,4,control
4,",",0,4,-1,0.9914171695709229,True,1,1,5,4,control
5, Mary,0,5,4,8.550304412841797,False,1,1,5,4,control
6, wrote,0,6,5,6.019630432128906,False,1,1,5,4,control
7, down,0,7,6,4.496373653411865,False,1,1,5,4,control
8, the,0,8,7,1.2372602224349976,False,1,1,5,4,control
9, following,0,9,8,4.111538410186768,False,1,1,5,4,control
10, list,0,10,9,4.3674235343933105,False,1,1,5,4,control
11, of,0,11,10,0.19381344318389893,False,1,1,5,4,control
12, words,0,12,11,5.889780521392822,False,1,1,5,4,control
13,:,0,13,-1,1.3915541172027588,True,1,1,5,4,control
14, rob,1,0,1,12.253327369689941,False,1,1,5,4,control
15,in,1,1,1,2.389284610748291,False,1,1,5,4,control
16,",",1,2,-1,1.0901949405670166,True,1,1,5,4,control
17, sp,1,3,2,6.792693138122559,False,1,1,5,4,control
18,arrow,1,4,2,1.179173469543457,False,1,1,5,4,control
19,",",1,5,-1,0.0899936631321907,True,1,1,5,4,control
20, her,1,6,3,7.7856903076171875,False,1,1,5,4,control
21,on,1,7,3,1.2746832370758057,False,1,1,5,4,control
22,",",1,8,-1,0.14099471271038055,True,1,1,5,4,control
23, eagle,1,9,4,5.057392597198486,False,1,1,5,4,control
24,",",1,10,-1,0.1378249228000641,True,1,1,5,4,control
25, crow,1,11,5,5.009839057922363,False,1,1,5,4,control
26,.,1,12,-1,3.854391098022461,True,1,1,5,4,control
27,There,2,0,0,10.93692684173584,False,1,1,5,4,control
28, is,2,1,1,2.329758644104004,False,1,1,5,4,control
29, a,2,2,2,1.5939767360687256,False,1,1,5,4,control
30, voice,2,3,3,8.672896385192871,False,1,1,5,4,control
31, in,2,4,4,1.2348241806030273,False,1,1,5,4,control
32, the,2,5,5,0.9032049179077148,False,1,1,5,4,control
33, waters,2,6,6,7.51020622253418,False,1,1,5,4,control
34, of,2,7,7,2.314387321472168,False,1,1,5,4,control
35, the,2,8,8,0.7712547779083252,False,1,1,5,4,control
36, great,2,9,9,6.24388313293457,False,1,1,5,4,control
37, sea,2,10,10,2.3819451332092285,False,1,1,5,4,control
38,.,2,11,-1,2.1663060188293457,True,1,1,5,4,control
39, It,2,12,11,2.596930980682373,False,1,1,5,4,control
40, calls,2,13,12,2.9733738899230957,False,1,1,5,4,control
41, to,2,14,13,2.286266803741455,False,1,1,5,4,control
42, man,2,15,14,6.907824516296387,False,1,1,5,4,control
43, continually,2,16,15,9.51016616821289,False,1,1,5,4,control
44,.,2,17,-1,1.896270990371704,True,1,1,5,4,control
45, When,2,18,16,4.137698173522949,False,1,1,5,4,control
46, she,2,19,17,6.058203220367432,False,1,1,5,4,control
47, got,2,20,18,7.151901721954346,False,1,1,5,4,control
48, back,2,21,19,3.5056395530700684,False,1,1,5,4,control
49,",",2,22,-1,1.7192198038101196,True,1,1,5,4,control
50, she,2,23,20,1.1349067687988281,False,1,1,5,4,control
51, read,2,24,21,5.227066993713379,False,1,1,5,4,control
52, the,2,25,22,1.532880425453186,False,1,1,5,4,control
53, list,2,26,23,2.914945125579834,False,1,1,5,4,control
54, again,2,27,24,3.343583106994629,False,1,1,5,4,control
55,:,2,28,-1,2.3186168670654297,True,1,1,5,4,control
56, log,3,0,1,9.603777885437012,False,1,1,5,4,control
57,",",3,1,-1,0.301718533039093,True,1,1,5,4,control
58, cat,3,2,2,4.988347053527832,False,1,1,5,4,control
59,",",3,3,-1,0.6227677464485168,True,1,1,5,4,control
60, horse,3,4,3,4.614025115966797,False,1,1,5,4,control
61,",",3,5,-1,0.09837276488542557,True,1,1,5,4,control
62, cow,3,6,4,4.188082695007324,False,1,1,5,4,control
63,",",3,7,-1,0.09640632569789886,True,1,1,5,4,control
64, lion,3,8,5,5.713164329528809,False,1,1,5,4,control
65,.,3,9,-1,2.273360252380371,True,1,1,5,4,control
66,<|endoftext|>,3,10,-2,5.501246452331543,False,1,1,5,4,control
0,<|endoftext|>,0,0,-2,nan,False,1,1,5,5,control
1, Before,0,1,1,12.528407096862793,False,1,1,5,5,control
2, the,0,2,2,2.4726693630218506,False,1,1,5,5,control
3, meeting,0,3,3,6.759095191955566,False,1,1,5,5,control
4,",",0,4,-1,0.9914171695709229,True,1,1,5,5,control
5, Mary,0,5,4,8.550304412841797,False,1,1,5,5,control
6, wrote,0,6,5,6.019630432128906,False,1,1,5,5,control
7, down,0,7,6,4.496373653411865,False,1,1,5,5,control
8, the,0,8,7,1.2372602224349976,False,1,1,5,5,control
9, following,0,9,8,4.111538410186768,False,1,1,5,5,control
10, list,0,10,9,4.3674235343933105,False,1,1,5,5,control
11, of,0,11,10,0.19381344318389893,False,1,1,5,5,control
12, words,0,12,11,5.889780521392822,False,1,1,5,5,control
13,:,0,13,-1,1.3915541172027588,True,1,1,5,5,control
14, apple,1,0,1,11.40364933013916,False,1,1,5,5,control
15,",",1,1,-1,0.9844260811805725,True,1,1,5,5,control
16, pear,1,2,2,4.991515159606934,False,1,1,5,5,control
17,",",1,3,-1,0.08136355131864548,True,1,1,5,5,control
18, banana,1,4,3,4.507816314697266,False,1,1,5,5,control
19,",",1,5,-1,0.1392465978860855,True,1,1,5,5,control
20, peach,1,6,4,3.9203062057495117,False,1,1,5,5,control
21,",",1,7,-1,0.13957780599594116,True,1,1,5,5,control
22, grape,1,8,5,3.3899898529052734,False,1,1,5,5,control
23,.,1,9,-1,5.093622207641602,True,1,1,5,5,control
24,There,2,0,0,10.88306999206543,False,1,1,5,5,control
25, is,2,1,1,2.4011778831481934,False,1,1,5,5,control
26, a,2,2,2,1.6220026016235352,False,1,1,5,5,control
27, voice,2,3,3,8.827003479003906,False,1,1,5,5,control
28, in,2,4,4,1.1459696292877197,False,1,1,5,5,control
29, the,2,5,5,1.6322661638259888,False,1,1,5,5,control
30, waters,2,6,6,8.911123275756836,False,1,1,5,5,control
31, of,2,7,7,2.0542993545532227,False,1,1,5,5,control
32, the,2,8,8,1.1426914930343628,False,1,1,5,5,control
33, great,2,9,9,7.025700092315674,False,1,1,5,5,control
34, sea,2,10,10,2.824636936187744,False,1,1,5,5,control
35,.,2,11,-1,1.881866455078125,True,1,1,5,5,control
36, It,2,12,11,2.2023322582244873,False,1,1,5,5,control
37, calls,2,13,12,3.157461404800415,False,1,1,5,5,control
38, to,2,14,13,2.4965665340423584,False,1,1,5,5,control
39, man,2,15,14,7.417288780212402,False,1,1,5,5,control
40, continually,2,16,15,9.666464805603027,False,1,1,5,5,control
41,.,2,17,-1,1.98966646194458,True,1,1,5,5,control
42, When,2,18,16,4.14755392074585,False,1,1,5,5,control
43, she,2,19,17,6.116477966308594,False,1,1,5,5,control
44, got,2,20,18,7.017995834350586,False,1,1,5,5,control
45, back,2,21,19,3.3158719539642334,False,1,1,5,5,control
46,",",2,22,-1,1.8784769773483276,True,1,1,5,5,control
47, she,2,23,20,1.112856149673462,False,1,1,5,5,control
48, read,2,24,21,4.865001201629639,False,1,1,5,5,control
49, the,2,25,22,1.5412232875823975,False,1,1,5,5,control
50, list,2,26,23,2.747441530227661,False,1,1,5,5,control
51, again,2,27,24,3.0765044689178467,False,1,1,5,5,control
52,:,2,28,-1,2.516745090484619,True,1,1,5,5,control
53, murder,3,0,1,11.541731834411621,False,1,1,5,5,control
54,",",3,1,-1,0.23861956596374512,True,1,1,5,5,control
55, rape,3,2,2,2.527175188064575,False,1,1,5,5,control
56,",",3,3,-1,0.06662003695964813,True,1,1,5,5,control
57, robbery,3,4,3,3.2432003021240234,False,1,1,5,5,control
58,",",3,5,-1,0.14276748895645142,True,1,1,5,5,control
59, theft,3,6,4,3.55478572845459,False,1,1,5,5,control
60,",",3,7,-1,0.18952849507331848,True,1,1,5,5,control
61, assault,3,8,5,4.787689208984375,False,1,1,5,5,control
62,.,3,9,-1,1.6738779544830322,True,1,1,5,5,control
63,<|endoftext|>,3,10,-2,6.085613250732422,False,1,1,5,5,control
0,<|endoftext|>,0,0,-2,nan,False,1,1,7,1,control
1, Before,0,1,1,12.528407096862793,False,1,1,7,1,control
2, the,0,2,2,2.4726693630218506,False,1,1,7,1,control
3, meeting,0,3,3,6.759095191955566,False,1,1,7,1,control
4,",",0,4,-1,0.9914171695709229,True,1,1,7,1,control
5, Mary,0,5,4,8.550304412841797,False,1,1,7,1,control
6, wrote,0,6,5,6.019630432128906,False,1,1,7,1,control
7, down,0,7,6,4.496373653411865,False,1,1,7,1,control
8, the,0,8,7,1.2372602224349976,False,1,1,7,1,control
9, following,0,9,8,4.111538410186768,False,1,1,7,1,control
10, list,0,10,9,4.3674235343933105,False,1,1,7,1,control
11, of,0,11,10,0.19381344318389893,False,1,1,7,1,control
12, words,0,12,11,5.889780521392822,False,1,1,7,1,control
13,:,0,13,-1,1.3915541172027588,True,1,1,7,1,control
14, window,1,0,1,12.726151466369629,False,1,1,7,1,control
15,",",1,1,-1,1.0239530801773071,True,1,1,7,1,control
16, door,1,2,2,3.5542385578155518,False,1,1,7,1,control
17,",",1,3,-1,0.1568254977464676,True,1,1,7,1,control
18, roof,1,4,3,5.674091339111328,False,1,1,7,1,control
19,",",1,5,-1,0.15485818684101105,True,1,1,7,1,control
20, wall,1,6,4,4.273303985595703,False,1,1,7,1,control
21,",",1,7,-1,0.18875069916248322,True,1,1,7,1,control
22, floor,1,8,5,2.986845016479492,False,1,1,7,1,control
23,",",1,9,-1,0.1767134964466095,True,1,1,7,1,control
24, ceiling,1,10,6,2.6824378967285156,False,1,1,7,1,control
25,",",1,11,-1,0.180795356631279,True,1,1,7,1,control
26, room,1,12,7,6.193118095397949,False,1,1,7,1,control
27,.,1,13,-1,2.095763683319092,True,1,1,7,1,control
28,There,2,0,0,11.105109214782715,False,1,1,7,1,control
29, is,2,1,1,2.5984835624694824,False,1,1,7,1,control
30, a,2,2,2,1.662330985069275,False,1,1,7,1,control
31, voice,2,3,3,9.10066032409668,False,1,1,7,1,control
32, in,2,4,4,1.1589741706848145,False,1,1,7,1,control
33, the,2,5,5,1.3435074090957642,False,1,1,7,1,control
34, waters,2,6,6,10.257966041564941,False,1,1,7,1,control
35, of,2,7,7,2.314056158065796,False,1,1,7,1,control
36, the,2,8,8,1.222222089767456,False,1,1,7,1,control
37, great,2,9,9,6.95341157913208,False,1,1,7,1,control
38, sea,2,10,10,3.0548954010009766,False,1,1,7,1,control
39,.,2,11,-1,1.8034231662750244,True,1,1,7,1,control
40, It,2,12,11,2.2778031826019287,False,1,1,7,1,control
41, calls,2,13,12,3.274991273880005,False,1,1,7,1,control
42, to,2,14,13,2.2675883769989014,False,1,1,7,1,control
43, man,2,15,14,7.438987731933594,False,1,1,7,1,control
44, continually,2,16,15,10.000738143920898,False,1,1,7,1,control
45,.,2,17,-1,2.0260009765625,True,1,1,7,1,control
46, When,2,18,16,4.211784362792969,False,1,1,7,1,control
47, she,2,19,17,6.074195861816406,False,1,1,7,1,control
48, got,2,20,18,6.512725830078125,False,1,1,7,1,control
49, back,2,21,19,3.3180980682373047,False,1,1,7,1,control
50,",",2,22,-1,1.7905421257019043,True,1,1,7,1,control
51, she,2,23,20,1.115206003189087,False,1,1,7,1,control
52, read,2,24,21,4.76915168762207,False,1,1,7,1,control
53, the,2,25,22,1.514126181602478,False,1,1,7,1,control
54, list,2,26,23,2.5744693279266357,False,1,1,7,1,control
55, again,2,27,24,3.07600736618042,False,1,1,7,1,control
56,:,2,28,-1,2.3379015922546387,True,1,1,7,1,control
57, cotton,3,0,1,11.434646606445312,False,1,1,7,1,control
58,",",3,1,-1,0.8512566089630127,True,1,1,7,1,control
59, wool,3,2,2,3.346230983734131,False,1,1,7,1,control
60,",",3,3,-1,0.06327546387910843,True,1,1,7,1,control
61, silk,3,4,3,2.5568079948425293,False,1,1,7,1,control
62,",",3,5,-1,0.12714652717113495,True,1,1,7,1,control
63, ray,3,6,4,6.698302268981934,False,1,1,7,1,control
64,on,3,7,4,0.08268536627292633,False,1,1,7,1,control
65,",",3,8,-1,0.23245446383953094,True,1,1,7,1,control
66, linen,3,9,5,3.198992967605591,False,1,1,7,1,control
67,",",3,10,-1,0.25001654028892517,True,1,1,7,1,control
68, sat,3,11,6,7.099383354187012,False,1,1,7,1,control
69,in,3,12,6,0.04883121699094772,False,1,1,7,1,control
70,",",3,13,-1,0.26547789573669434,True,1,1,7,1,control
71, velvet,3,14,7,4.199705123901367,False,1,1,7,1,control
72,.,3,15,-1,1.7672603130340576,True,1,1,7,1,control
73,<|endoftext|>,3,16,-2,6.169774532318115,False,1,1,7,1,control
0,<|endoftext|>,0,0,-2,nan,False,1,1,7,2,control
1, Before,0,1,1,12.528407096862793,False,1,1,7,2,control
2, the,0,2,2,2.4726693630218506,False,1,1,7,2,control
3, meeting,0,3,3,6.759095191955566,False,1,1,7,2,control
4,",",0,4,-1,0.9914171695709229,True,1,1,7,2,control
5, Mary,0,5,4,8.550304412841797,False,1,1,7,2,control
6, wrote,0,6,5,6.019630432128906,False,1,1,7,2,control
7, down,0,7,6,4.496373653411865,False,1,1,7,2,control
8, the,0,8,7,1.2372602224349976,False,1,1,7,2,control
9, following,0,9,8,4.111538410186768,False,1,1,7,2,control
10, list,0,10,9,4.3674235343933105,False,1,1,7,2,control
11, of,0,11,10,0.19381344318389893,False,1,1,7,2,control
12, words,0,12,11,5.889780521392822,False,1,1,7,2,control
13,:,0,13,-1,1.3915541172027588,True,1,1,7,2,control
14, leg,1,0,1,12.512513160705566,False,1,1,7,2,control
15,",",1,1,-1,1.834148645401001,True,1,1,7,2,control
16, arms,1,2,2,6.776742935180664,False,1,1,7,2,control
17,",",1,3,-1,0.10344083607196808,True,1,1,7,2,control
18, head,1,4,3,4.029552459716797,False,1,1,7,2,control
19,",",1,5,-1,0.14968064427375793,True,1,1,7,2,control
20, eye,1,6,4,4.961529731750488,False,1,1,7,2,control
21,",",1,7,-1,0.12884046137332916,True,1,1,7,2,control
22, foot,1,8,5,3.9116532802581787,False,1,1,7,2,control
23,",",1,9,-1,0.15925200283527374,True,1,1,7,2,control
24, nose,1,10,6,3.1474428176879883,False,1,1,7,2,control
25,",",1,11,-1,0.10882725566625595,True,1,1,7,2,control
26, finger,1,12,7,5.584097385406494,False,1,1,7,2,control
27,.,1,13,-1,2.906019687652588,True,1,1,7,2,control
28,There,2,0,0,11.081180572509766,False,1,1,7,2,control
29, is,2,1,1,2.395035743713379,False,1,1,7,2,control
30, a,2,2,2,1.6831668615341187,False,1,1,7,2,control
31, voice,2,3,3,8.727560997009277,False,1,1,7,2,control
32, in,2,4,4,1.1840983629226685,False,1,1,7,2,control
33, the,2,5,5,1.2775018215179443,False,1,1,7,2,control
34, waters,2,6,6,8.927566528320312,False,1,1,7,2,control
35, of,2,7,7,2.5386557579040527,False,1,1,7,2,control
36, the,2,8,8,1.1452686786651611,False,1,1,7,2,control
37, great,2,9,9,6.580991744995117,False,1,1,7,2,control
38, sea,2,10,10,2.2981607913970947,False,1,1,7,2,control
39,.,2,11,-1,1.9558205604553223,True,1,1,7,2,control
40, It,2,12,11,2.155740737915039,False,1,1,7,2,control
41, calls,2,13,12,3.2806661128997803,False,1,1,7,2,control
42, to,2,14,13,2.3658626079559326,False,1,1,7,2,control
43, man,2,15,14,6.8358635902404785,False,1,1,7,2,control
44, continually,2,16,15,9.623810768127441,False,1,1,7,2,control
45,.,2,17,-1,2.159283399581909,True,1,1,7,2,control
46, When,2,18,16,4.066885471343994,False,1,1,7,2,control
47, she,2,19,17,6.439090251922607,False,1,1,7,2,control
48, got,2,20,18,7.2205915451049805,False,1,1,7,2,control
49, back,2,21,19,3.4152090549468994,False,1,1,7,2,control
50,",",2,22,-1,1.8274335861206055,True,1,1,7,2,control
51, she,2,23,20,1.1942906379699707,False,1,1,7,2,control
52, read,2,24,21,4.968173027038574,False,1,1,7,2,control
53, the,2,25,22,1.5370742082595825,False,1,1,7,2,control
54, list,2,26,23,2.8027234077453613,False,1,1,7,2,control
55, again,2,27,24,3.4440855979919434,False,1,1,7,2,control
56,:,2,28,-1,2.4776320457458496,True,1,1,7,2,control
57, blue,3,0,1,8.41082763671875,False,1,1,7,2,control
58,",",3,1,-1,0.7862086296081543,True,1,1,7,2,control
59, red,3,2,2,2.108795642852783,False,1,1,7,2,control
60,",",3,3,-1,0.03903164342045784,True,1,1,7,2,control
61, green,3,4,3,1.3023149967193604,False,1,1,7,2,control
62,",",3,5,-1,0.09422405064105988,True,1,1,7,2,control
63, yellow,3,6,4,1.1785287857055664,False,1,1,7,2,control
64,",",3,7,-1,0.20193500816822052,True,1,1,7,2,control
65, black,3,8,5,3.4069082736968994,False,1,1,7,2,control
66,",",3,9,-1,0.2614133059978485,True,1,1,7,2,control
67, purple,3,10,6,3.1558144092559814,False,1,1,7,2,control
68,",",3,11,-1,0.1884877234697342,True,1,1,7,2,control
69, white,3,12,7,2.1724753379821777,False,1,1,7,2,control
70,.,3,13,-1,1.7288578748703003,True,1,1,7,2,control
71,<|endoftext|>,3,14,-2,5.9670305252075195,False,1,1,7,2,control
0,<|endoftext|>,0,0,-2,nan,False,1,1,7,3,control
1, Before,0,1,1,12.528407096862793,False,1,1,7,3,control
2, the,0,2,2,2.4726693630218506,False,1,1,7,3,control
3, meeting,0,3,3,6.759095191955566,False,1,1,7,3,control
4,",",0,4,-1,0.9914171695709229,True,1,1,7,3,control
5, Mary,0,5,4,8.550304412841797,False,1,1,7,3,control
6, wrote,0,6,5,6.019630432128906,False,1,1,7,3,control
7, down,0,7,6,4.496373653411865,False,1,1,7,3,control
8, the,0,8,7,1.2372602224349976,False,1,1,7,3,control
9, following,0,9,8,4.111538410186768,False,1,1,7,3,control
10, list,0,10,9,4.3674235343933105,False,1,1,7,3,control
11, of,0,11,10,0.19381344318389893,False,1,1,7,3,control
12, words,0,12,11,5.889780521392822,False,1,1,7,3,control
13,:,0,13,-1,1.3915541172027588,True,1,1,7,3,control
14, sail,1,0,1,13.109341621398926,False,1,1,7,3,control
15,boat,1,1,1,3.1491873264312744,False,1,1,7,3,control
16,",",1,2,-1,0.7098559737205505,True,1,1,7,3,control
17, destroyer,1,3,2,7.337685585021973,False,1,1,7,3,control
18,",",1,4,-1,0.08284525573253632,True,1,1,7,3,control
19, battles,1,5,3,5.584854602813721,False,1,1,7,3,control
20,hip,1,6,3,0.0016945539973676205,False,1,1,7,3,control
21,",",1,7,-1,0.1391996145248413,True,1,1,7,3,control
22, cruiser,1,8,4,2.838001012802124,False,1,1,7,3,control
23,",",1,9,-1,0.11623264104127884,True,1,1,7,3,control
24, submarine,1,10,5,4.29527473449707,False,1,1,7,3,control
25,",",1,11,-1,0.14923633635044098,True,1,1,7,3,control
26, yacht,1,12,6,7.083065986633301,False,1,1,7,3,control
27,",",1,13,-1,0.17043329775333405,True,1,1,7,3,control
28, canoe,1,14,7,7.188238143920898,False,1,1,7,3,control
29,.,1,15,-1,2.968737840652466,True,1,1,7,3,control
30,There,2,0,0,11.237573623657227,False,1,1,7,3,control
31, is,2,1,1,2.2918660640716553,False,1,1,7,3,control
32, a,2,2,2,1.6220651865005493,False,1,1,7,3,control
33, voice,2,3,3,9.317193031311035,False,1,1,7,3,control
34, in,2,4,4,1.117491364479065,False,1,1,7,3,control
35, the,2,5,5,1.2710169553756714,False,1,1,7,3,control
36, waters,2,6,6,5.329820156097412,False,1,1,7,3,control
37, of,2,7,7,2.29947566986084,False,1,1,7,3,control
38, the,2,8,8,1.130989670753479,False,1,1,7,3,control
39, great,2,9,9,6.247725486755371,False,1,1,7,3,control
40, sea,2,10,10,2.4817380905151367,False,1,1,7,3,control
41,.,2,11,-1,1.7981295585632324,True,1,1,7,3,control
42, It,2,12,11,2.1230199337005615,False,1,1,7,3,control
43, calls,2,13,12,3.3920602798461914,False,1,1,7,3,control
44, to,2,14,13,2.401106834411621,False,1,1,7,3,control
45, man,2,15,14,7.132906436920166,False,1,1,7,3,control
46, continually,2,16,15,10.501947402954102,False,1,1,7,3,control
47,.,2,17,-1,2.2258012294769287,True,1,1,7,3,control
48, When,2,18,16,4.0943732261657715,False,1,1,7,3,control
49, she,2,19,17,6.02141809463501,False,1,1,7,3,control
50, got,2,20,18,7.998958587646484,False,1,1,7,3,control
51, back,2,21,19,3.1945602893829346,False,1,1,7,3,control
52,",",2,22,-1,1.8657355308532715,True,1,1,7,3,control
53, she,2,23,20,1.1445616483688354,False,1,1,7,3,control
54, read,2,24,21,5.184948921203613,False,1,1,7,3,control
55, the,2,25,22,1.5368274450302124,False,1,1,7,3,control
56, list,2,26,23,2.1121931076049805,False,1,1,7,3,control
57, again,2,27,24,3.354686737060547,False,1,1,7,3,control
58,:,2,28,-1,2.568147659301758,True,1,1,7,3,control
59, fly,3,0,1,7.547914028167725,False,1,1,7,3,control
60,",",3,1,-1,1.1030712127685547,True,1,1,7,3,control
61, ant,3,2,2,9.027254104614258,False,1,1,7,3,control
62,",",3,3,-1,2.0381240844726562,True,1,1,7,3,control
63, bee,3,4,3,6.721107482910156,False,1,1,7,3,control
64,",",3,5,-1,0.17620128393173218,True,1,1,7,3,control
65, mosquito,3,6,4,7.512091636657715,False,1,1,7,3,control
66,",",3,7,-1,0.09778560698032379,True,1,1,7,3,control
67, spider,3,8,5,5.454026699066162,False,1,1,7,3,control
68,",",3,9,-1,0.14402662217617035,True,1,1,7,3,control
69, beetle,3,10,6,5.2021589279174805,False,1,1,7,3,control
70,",",3,11,-1,0.11636858433485031,True,1,1,7,3,control
71, was,3,12,7,7.7264018058776855,False,1,1,7,3,control
72,p,3,13,7,0.12863293290138245,False,1,1,7,3,control
73,.,3,14,-1,2.926496982574463,True,1,1,7,3,control
74,<|endoftext|>,3,15,-2,5.995767593383789,False,1,1,7,3,control
0,<|endoftext|>,0,0,-2,nan,False,1,1,7,4,control
1, Before,0,1,1,12.528407096862793,False,1,1,7,4,control
2, the,0,2,2,2.4726693630218506,False,1,1,7,4,control
3, meeting,0,3,3,6.759095191955566,False,1,1,7,4,control
4,",",0,4,-1,0.9914171695709229,True,1,1,7,4,control
5, Mary,0,5,4,8.550304412841797,False,1,1,7,4,control
6, wrote,0,6,5,6.019630432128906,False,1,1,7,4,control
7, down,0,7,6,4.496373653411865,False,1,1,7,4,control
8, the,0,8,7,1.2372602224349976,False,1,1,7,4,control
9, following,0,9,8,4.111538410186768,False,1,1,7,4,control
10, list,0,10,9,4.3674235343933105,False,1,1,7,4,control
11, of,0,11,10,0.19381344318389893,False,1,1,7,4,control
12, words,0,12,11,5.889780521392822,False,1,1,7,4,control
13,:,0,13,-1,1.3915541172027588,True,1,1,7,4,control
14, rob,1,0,1,12.253327369689941,False,1,1,7,4,control
15,in,1,1,1,2.389284610748291,False,1,1,7,4,control
16,",",1,2,-1,1.0901949405670166,True,1,1,7,4,control
17, sp,1,3,2,6.792693138122559,False,1,1,7,4,control
18,arrow,1,4,2,1.179173469543457,False,1,1,7,4,control
19,",",1,5,-1,0.0899936631321907,True,1,1,7,4,control
20, her,1,6,3,7.7856903076171875,False,1,1,7,4,control
21,on,1,7,3,1.2746832370758057,False,1,1,7,4,control
22,",",1,8,-1,0.14099471271038055,True,1,1,7,4,control
23, eagle,1,9,4,5.057392597198486,False,1,1,7,4,control
24,",",1,10,-1,0.1378249228000641,True,1,1,7,4,control
25, crow,1,11,5,5.009839057922363,False,1,1,7,4,control
26,",",1,12,-1,0.12124734371900558,True,1,1,7,4,control
27, hawk,1,13,6,3.832615375518799,False,1,1,7,4,control
28,",",1,14,-1,0.09558304399251938,True,1,1,7,4,control
29, par,1,15,7,5.988786220550537,False,1,1,7,4,control
30,rot,1,16,7,0.22905902564525604,False,1,1,7,4,control
31,.,1,17,-1,4.194696426391602,True,1,1,7,4,control
32,There,2,0,0,11.016660690307617,False,1,1,7,4,control
33, is,2,1,1,2.3987748622894287,False,1,1,7,4,control
34, a,2,2,2,1.6045976877212524,False,1,1,7,4,control
35, voice,2,3,3,8.812808990478516,False,1,1,7,4,control
36, in,2,4,4,1.2122528553009033,False,1,1,7,4,control
37, the,2,5,5,0.9008485078811646,False,1,1,7,4,control
38, waters,2,6,6,7.649631500244141,False,1,1,7,4,control
39, of,2,7,7,2.1985936164855957,False,1,1,7,4,control
40, the,2,8,8,0.8000759482383728,False,1,1,7,4,control
41, great,2,9,9,6.341723442077637,False,1,1,7,4,control
42, sea,2,10,10,2.5276296138763428,False,1,1,7,4,control
43,.,2,11,-1,2.3070592880249023,True,1,1,7,4,control
44, It,2,12,11,2.5126874446868896,False,1,1,7,4,control
45, calls,2,13,12,2.862238883972168,False,1,1,7,4,control
46, to,2,14,13,2.2258453369140625,False,1,1,7,4,control
47, man,2,15,14,6.869272708892822,False,1,1,7,4,control
48, continually,2,16,15,9.546289443969727,False,1,1,7,4,control
49,.,2,17,-1,1.8985486030578613,True,1,1,7,4,control
50, When,2,18,16,4.086101531982422,False,1,1,7,4,control
51, she,2,19,17,6.179964065551758,False,1,1,7,4,control
52, got,2,20,18,7.1432318687438965,False,1,1,7,4,control
53, back,2,21,19,3.4614100456237793,False,1,1,7,4,control
54,",",2,22,-1,1.7404918670654297,True,1,1,7,4,control
55, she,2,23,20,1.157963752746582,False,1,1,7,4,control
56, read,2,24,21,5.249640464782715,False,1,1,7,4,control
57, the,2,25,22,1.5062991380691528,False,1,1,7,4,control
58, list,2,26,23,2.7493250370025635,False,1,1,7,4,control
59, again,2,27,24,3.34535551071167,False,1,1,7,4,control
60,:,2,28,-1,2.335183620452881,True,1,1,7,4,control
61, log,3,0,1,9.633622169494629,False,1,1,7,4,control
62,",",3,1,-1,0.3133784234523773,True,1,1,7,4,control
63, cat,3,2,2,5.2217254638671875,False,1,1,7,4,control
64,",",3,3,-1,0.6005157232284546,True,1,1,7,4,control
65, horse,3,4,3,4.4047369956970215,False,1,1,7,4,control
66,",",3,5,-1,0.0670144259929657,True,1,1,7,4,control
67, cow,3,6,4,4.1328582763671875,False,1,1,7,4,control
68,",",3,7,-1,0.06925682723522186,True,1,1,7,4,control
69, lion,3,8,5,6.036438941955566,False,1,1,7,4,control
70,",",3,9,-1,0.13646423816680908,True,1,1,7,4,control
71, tiger,3,10,6,4.917110443115234,False,1,1,7,4,control
72,",",3,11,-1,0.1751510500907898,True,1,1,7,4,control
73, elephant,3,12,7,4.555174350738525,False,1,1,7,4,control
74,.,3,13,-1,2.153693914413452,True,1,1,7,4,control
75,<|endoftext|>,3,14,-2,5.465380668640137,False,1,1,7,4,control
0,<|endoftext|>,0,0,-2,nan,False,1,1,7,5,control
1, Before,0,1,1,12.528407096862793,False,1,1,7,5,control
2, the,0,2,2,2.4726693630218506,False,1,1,7,5,control
3, meeting,0,3,3,6.759095191955566,False,1,1,7,5,control
4,",",0,4,-1,0.9914171695709229,True,1,1,7,5,control
5, Mary,0,5,4,8.550304412841797,False,1,1,7,5,control
6, wrote,0,6,5,6.019630432128906,False,1,1,7,5,control
7, down,0,7,6,4.496373653411865,False,1,1,7,5,control
8, the,0,8,7,1.2372602224349976,False,1,1,7,5,control
9, following,0,9,8,4.111538410186768,False,1,1,7,5,control
10, list,0,10,9,4.3674235343933105,False,1,1,7,5,control
11, of,0,11,10,0.19381344318389893,False,1,1,7,5,control
12, words,0,12,11,5.889780521392822,False,1,1,7,5,control
13,:,0,13,-1,1.3915541172027588,True,1,1,7,5,control
14, apple,1,0,1,11.40364933013916,False,1,1,7,5,control
15,",",1,1,-1,0.9844260811805725,True,1,1,7,5,control
16, pear,1,2,2,4.991515159606934,False,1,1,7,5,control
17,",",1,3,-1,0.08136355131864548,True,1,1,7,5,control
18, banana,1,4,3,4.507816314697266,False,1,1,7,5,control
19,",",1,5,-1,0.1392465978860855,True,1,1,7,5,control
20, peach,1,6,4,3.9203062057495117,False,1,1,7,5,control
21,",",1,7,-1,0.13957780599594116,True,1,1,7,5,control
22, grape,1,8,5,3.3899898529052734,False,1,1,7,5,control
23,",",1,9,-1,1.6226425170898438,True,1,1,7,5,control
24, cherry,1,10,6,3.7280263900756836,False,1,1,7,5,control
25,",",1,11,-1,0.11731891334056854,True,1,1,7,5,control
26, plum,1,12,7,3.507991313934326,False,1,1,7,5,control
27,.,1,13,-1,3.1561319828033447,True,1,1,7,5,control
28,There,2,0,0,11.00046443939209,False,1,1,7,5,control
29, is,2,1,1,2.452043056488037,False,1,1,7,5,control
30, a,2,2,2,1.647042155265808,False,1,1,7,5,control
31, voice,2,3,3,8.83773136138916,False,1,1,7,5,control
32, in,2,4,4,1.1253156661987305,False,1,1,7,5,control
33, the,2,5,5,1.5800971984863281,False,1,1,7,5,control
34, waters,2,6,6,9.002706527709961,False,1,1,7,5,control
35, of,2,7,7,2.046879768371582,False,1,1,7,5,control
36, the,2,8,8,1.2047938108444214,False,1,1,7,5,control
37, great,2,9,9,7.138011455535889,False,1,1,7,5,control
38, sea,2,10,10,2.917313575744629,False,1,1,7,5,control
39,.,2,11,-1,1.954020380973816,True,1,1,7,5,control
40, It,2,12,11,2.1878764629364014,False,1,1,7,5,control
41, calls,2,13,12,3.097038745880127,False,1,1,7,5,control
42, to,2,14,13,2.532573699951172,False,1,1,7,5,control
43, man,2,15,14,7.390185356140137,False,1,1,7,5,control
44, continually,2,16,15,9.788246154785156,False,1,1,7,5,control
45,.,2,17,-1,1.9674046039581299,True,1,1,7,5,control
46, When,2,18,16,4.128800392150879,False,1,1,7,5,control
47, she,2,19,17,6.040627956390381,False,1,1,7,5,control
48, got,2,20,18,6.928411960601807,False,1,1,7,5,control
49, back,2,21,19,3.2826638221740723,False,1,1,7,5,control
50,",",2,22,-1,1.9007362127304077,True,1,1,7,5,control
51, she,2,23,20,1.1257569789886475,False,1,1,7,5,control
52, read,2,24,21,4.8253960609436035,False,1,1,7,5,control
53, the,2,25,22,1.5391874313354492,False,1,1,7,5,control
54, list,2,26,23,2.602628469467163,False,1,1,7,5,control
55, again,2,27,24,3.0397114753723145,False,1,1,7,5,control
56,:,2,28,-1,2.5575180053710938,True,1,1,7,5,control
57, murder,3,0,1,11.615350723266602,False,1,1,7,5,control
58,",",3,1,-1,0.23038551211357117,True,1,1,7,5,control
59, rape,3,2,2,2.607853651046753,False,1,1,7,5,control
60,",",3,3,-1,0.05436648055911064,True,1,1,7,5,control
61, robbery,3,4,3,3.117666482925415,False,1,1,7,5,control
62,",",3,5,-1,0.11813445389270782,True,1,1,7,5,control
63, theft,3,6,4,3.5396511554718018,False,1,1,7,5,control
64,",",3,7,-1,0.15907560288906097,True,1,1,7,5,control
65, assault,3,8,5,4.7798752784729,False,1,1,7,5,control
66,",",3,9,-1,0.252366304397583,True,1,1,7,5,control
67, arson,3,10,6,3.337543249130249,False,1,1,7,5,control
68,",",3,11,-1,0.18598255515098572,True,1,1,7,5,control
69, kidnapping,3,12,7,3.69120192527771,False,1,1,7,5,control
70,.,3,13,-1,2.288813829421997,True,1,1,7,5,control
71,<|endoftext|>,3,14,-2,6.139230728149414,False,1,1,7,5,control
0,<|endoftext|>,0,0,-2,nan,False,1,1,10,1,control
1, Before,0,1,1,12.528407096862793,False,1,1,10,1,control
2, the,0,2,2,2.4726693630218506,False,1,1,10,1,control
3, meeting,0,3,3,6.759095191955566,False,1,1,10,1,control
4,",",0,4,-1,0.9914171695709229,True,1,1,10,1,control
5, Mary,0,5,4,8.550304412841797,False,1,1,10,1,control
6, wrote,0,6,5,6.019630432128906,False,1,1,10,1,control
7, down,0,7,6,4.496373653411865,False,1,1,10,1,control
8, the,0,8,7,1.2372602224349976,False,1,1,10,1,control
9, following,0,9,8,4.111538410186768,False,1,1,10,1,control
10, list,0,10,9,4.3674235343933105,False,1,1,10,1,control
11, of,0,11,10,0.19381344318389893,False,1,1,10,1,control
12, words,0,12,11,5.889780521392822,False,1,1,10,1,control
13,:,0,13,-1,1.3915541172027588,True,1,1,10,1,control
14, window,1,0,1,12.726151466369629,False,1,1,10,1,control
15,",",1,1,-1,1.0239530801773071,True,1,1,10,1,control
16, door,1,2,2,3.5542385578155518,False,1,1,10,1,control
17,",",1,3,-1,0.1568254977464676,True,1,1,10,1,control
18, roof,1,4,3,5.674091339111328,False,1,1,10,1,control
19,",",1,5,-1,0.15485818684101105,True,1,1,10,1,control
20, wall,1,6,4,4.273303985595703,False,1,1,10,1,control
21,",",1,7,-1,0.18875069916248322,True,1,1,10,1,control
22, floor,1,8,5,2.986845016479492,False,1,1,10,1,control
23,",",1,9,-1,0.1767134964466095,True,1,1,10,1,control
24, ceiling,1,10,6,2.6824378967285156,False,1,1,10,1,control
25,",",1,11,-1,0.180795356631279,True,1,1,10,1,control
26, room,1,12,7,6.193118095397949,False,1,1,10,1,control
27,",",1,13,-1,0.24766691029071808,True,1,1,10,1,control
28, basement,1,14,8,7.116905212402344,False,1,1,10,1,control
29,",",1,15,-1,0.17284178733825684,True,1,1,10,1,control
30, hear,1,16,9,8.105279922485352,False,1,1,10,1,control
31,th,1,17,9,0.04640627279877663,False,1,1,10,1,control
32,",",1,18,-1,0.16108527779579163,True,1,1,10,1,control
33, hall,1,19,10,5.3553314208984375,False,1,1,10,1,control
34,.,1,20,-1,2.766441583633423,True,1,1,10,1,control
35,There,2,0,0,11.277058601379395,False,1,1,10,1,control
36, is,2,1,1,2.578468084335327,False,1,1,10,1,control
37, a,2,2,2,1.6617398262023926,False,1,1,10,1,control
38, voice,2,3,3,9.07600212097168,False,1,1,10,1,control
39, in,2,4,4,1.13946533203125,False,1,1,10,1,control
40, the,2,5,5,1.2028166055679321,False,1,1,10,1,control
41, waters,2,6,6,9.579408645629883,False,1,1,10,1,control
42, of,2,7,7,2.1994543075561523,False,1,1,10,1,control
43, the,2,8,8,1.2433016300201416,False,1,1,10,1,control
44, great,2,9,9,6.865091323852539,False,1,1,10,1,control
45, sea,2,10,10,3.168280601501465,False,1,1,10,1,control
46,.,2,11,-1,1.8569955825805664,True,1,1,10,1,control
47, It,2,12,11,2.134855031967163,False,1,1,10,1,control
48, calls,2,13,12,3.224423885345459,False,1,1,10,1,control
49, to,2,14,13,2.2313177585601807,False,1,1,10,1,control
50, man,2,15,14,7.352085590362549,False,1,1,10,1,control
51, continually,2,16,15,10.247172355651855,False,1,1,10,1,control
52,.,2,17,-1,1.9901137351989746,True,1,1,10,1,control
53, When,2,18,16,4.220625877380371,False,1,1,10,1,control
54, she,2,19,17,6.012083530426025,False,1,1,10,1,control
55, got,2,20,18,6.3163347244262695,False,1,1,10,1,control
56, back,2,21,19,3.2402191162109375,False,1,1,10,1,control
57,",",2,22,-1,1.8453311920166016,True,1,1,10,1,control
58, she,2,23,20,1.088387370109558,False,1,1,10,1,control
59, read,2,24,21,4.721766471862793,False,1,1,10,1,control
60, the,2,25,22,1.4793931245803833,False,1,1,10,1,control
61, list,2,26,23,2.4552416801452637,False,1,1,10,1,control
62, again,2,27,24,3.0638651847839355,False,1,1,10,1,control
63,:,2,28,-1,2.3411805629730225,True,1,1,10,1,control
64, cotton,3,0,1,11.3705415725708,False,1,1,10,1,control
65,",",3,1,-1,0.9498858451843262,True,1,1,10,1,control
66, wool,3,2,2,3.354735851287842,False,1,1,10,1,control
67,",",3,3,-1,0.0632745623588562,True,1,1,10,1,control
68, silk,3,4,3,2.5781190395355225,False,1,1,10,1,control
69,",",3,5,-1,0.1097763404250145,True,1,1,10,1,control
70, ray,3,6,4,6.769242763519287,False,1,1,10,1,control
71,on,3,7,4,0.08418001234531403,False,1,1,10,1,control
72,",",3,8,-1,0.2052568793296814,True,1,1,10,1,control
73, linen,3,9,5,3.1572375297546387,False,1,1,10,1,control
74,",",3,10,-1,0.2220451682806015,True,1,1,10,1,control
75, sat,3,11,6,7.119409561157227,False,1,1,10,1,control
76,in,3,12,6,0.05811645835638046,False,1,1,10,1,control
77,",",3,13,-1,0.23789973556995392,True,1,1,10,1,control
78, velvet,3,14,7,4.275453567504883,False,1,1,10,1,control
79,",",3,15,-1,0.24575816094875336,True,1,1,10,1,control
80, denim,3,16,8,7.44243049621582,False,1,1,10,1,control
81,",",3,17,-1,0.18062590062618256,True,1,1,10,1,control
82, canvas,3,18,9,3.8488543033599854,False,1,1,10,1,control
83,",",3,19,-1,0.23680616915225983,True,1,1,10,1,control
84, felt,3,20,10,7.680938243865967,False,1,1,10,1,control
85,.,3,21,-1,2.1365628242492676,True,1,1,10,1,control
86,<|endoftext|>,3,22,-2,6.242192268371582,False,1,1,10,1,control
0,<|endoftext|>,0,0,-2,nan,False,1,1,10,2,control
1, Before,0,1,1,12.528407096862793,False,1,1,10,2,control
2, the,0,2,2,2.4726693630218506,False,1,1,10,2,control
3, meeting,0,3,3,6.759095191955566,False,1,1,10,2,control
4,",",0,4,-1,0.9914171695709229,True,1,1,10,2,control
5, Mary,0,5,4,8.550304412841797,False,1,1,10,2,control
6, wrote,0,6,5,6.019630432128906,False,1,1,10,2,control
7, down,0,7,6,4.496373653411865,False,1,1,10,2,control
8, the,0,8,7,1.2372602224349976,False,1,1,10,2,control
9, following,0,9,8,4.111538410186768,False,1,1,10,2,control
10, list,0,10,9,4.3674235343933105,False,1,1,10,2,control
11, of,0,11,10,0.19381344318389893,False,1,1,10,2,control
12, words,0,12,11,5.889780521392822,False,1,1,10,2,control
13,:,0,13,-1,1.3915541172027588,True,1,1,10,2,control
14, leg,1,0,1,12.512513160705566,False,1,1,10,2,control
15,",",1,1,-1,1.834148645401001,True,1,1,10,2,control
16, arms,1,2,2,6.776742935180664,False,1,1,10,2,control
17,",",1,3,-1,0.10344083607196808,True,1,1,10,2,control
18, head,1,4,3,4.029552459716797,False,1,1,10,2,control
19,",",1,5,-1,0.14968064427375793,True,1,1,10,2,control
20, eye,1,6,4,4.961529731750488,False,1,1,10,2,control
21,",",1,7,-1,0.12884046137332916,True,1,1,10,2,control
22, foot,1,8,5,3.9116532802581787,False,1,1,10,2,control
23,",",1,9,-1,0.15925200283527374,True,1,1,10,2,control
24, nose,1,10,6,3.1474428176879883,False,1,1,10,2,control
25,",",1,11,-1,0.10882725566625595,True,1,1,10,2,control
26, finger,1,12,7,5.584097385406494,False,1,1,10,2,control
27,",",1,13,-1,0.13382960855960846,True,1,1,10,2,control
28, ear,1,14,8,3.2679572105407715,False,1,1,10,2,control
29,",",1,15,-1,0.14684712886810303,True,1,1,10,2,control
30, hand,1,16,9,2.822181463241577,False,1,1,10,2,control
31,",",1,17,-1,0.09910889714956284,True,1,1,10,2,control
32, toe,1,18,10,5.874297142028809,False,1,1,10,2,control
33,.,1,19,-1,2.9975337982177734,True,1,1,10,2,control
34,There,2,0,0,11.15644359588623,False,1,1,10,2,control
35, is,2,1,1,2.3536534309387207,False,1,1,10,2,control
36, a,2,2,2,1.6939138174057007,False,1,1,10,2,control
37, voice,2,3,3,8.784652709960938,False,1,1,10,2,control
38, in,2,4,4,1.1846685409545898,False,1,1,10,2,control
39, the,2,5,5,1.2299638986587524,False,1,1,10,2,control
40, waters,2,6,6,8.856439590454102,False,1,1,10,2,control
41, of,2,7,7,2.5678491592407227,False,1,1,10,2,control
42, the,2,8,8,1.1528548002243042,False,1,1,10,2,control
43, great,2,9,9,6.625673770904541,False,1,1,10,2,control
44, sea,2,10,10,2.2853989601135254,False,1,1,10,2,control
45,.,2,11,-1,2.025540828704834,True,1,1,10,2,control
46, It,2,12,11,2.156747341156006,False,1,1,10,2,control
47, calls,2,13,12,3.202051877975464,False,1,1,10,2,control
48, to,2,14,13,2.3653388023376465,False,1,1,10,2,control
49, man,2,15,14,6.761740207672119,False,1,1,10,2,control
50, continually,2,16,15,9.616238594055176,False,1,1,10,2,control
51,.,2,17,-1,2.1768014430999756,True,1,1,10,2,control
52, When,2,18,16,4.063438415527344,False,1,1,10,2,control
53, she,2,19,17,6.493363857269287,False,1,1,10,2,control
54, got,2,20,18,7.34040641784668,False,1,1,10,2,control
55, back,2,21,19,3.420706272125244,False,1,1,10,2,control
56,",",2,22,-1,1.8280720710754395,True,1,1,10,2,control
57, she,2,23,20,1.2114999294281006,False,1,1,10,2,control
58, read,2,24,21,5.038396835327148,False,1,1,10,2,control
59, the,2,25,22,1.4978805780410767,False,1,1,10,2,control
60, list,2,26,23,2.7986507415771484,False,1,1,10,2,control
61, again,2,27,24,3.4557929039001465,False,1,1,10,2,control
62,:,2,28,-1,2.4700679779052734,True,1,1,10,2,control
63, blue,3,0,1,8.464128494262695,False,1,1,10,2,control
64,",",3,1,-1,0.7874464988708496,True,1,1,10,2,control
65, red,3,2,2,2.092028856277466,False,1,1,10,2,control
66,",",3,3,-1,0.03562958911061287,True,1,1,10,2,control
67, green,3,4,3,1.2557908296585083,False,1,1,10,2,control
68,",",3,5,-1,0.07545869052410126,True,1,1,10,2,control
69, yellow,3,6,4,1.1585296392440796,False,1,1,10,2,control
70,",",3,7,-1,0.1675083488225937,True,1,1,10,2,control
71, black,3,8,5,3.417306900024414,False,1,1,10,2,control
72,",",3,9,-1,0.22382032871246338,True,1,1,10,2,control
73, purple,3,10,6,3.1155929565429688,False,1,1,10,2,control
74,",",3,11,-1,0.16026654839515686,True,1,1,10,2,control
75, white,3,12,7,2.2654266357421875,False,1,1,10,2,control
76,",",3,13,-1,0.2636006772518158,True,1,1,10,2,control
77, pink,3,14,8,3.9032576084136963,False,1,1,10,2,control
78,",",3,15,-1,0.1389392465353012,True,1,1,10,2,control
79, brown,3,16,9,3.3145084381103516,False,1,1,10,2,control
80,",",3,17,-1,0.17437991499900818,True,1,1,10,2,control
81, blonde,3,18,10,7.29054069519043,False,1,1,10,2,control
82,.,3,19,-1,2.530298948287964,True,1,1,10,2,control
83,<|endoftext|>,3,20,-2,6.003276348114014,False,1,1,10,2,control
0,<|endoftext|>,0,0,-2,nan,False,1,1,10,3,control
1, Before,0,1,1,12.528407096862793,False,1,1,10,3,control
2, the,0,2,2,2.4726693630218506,False,1,1,10,3,control
3, meeting,0,3,3,6.759095191955566,False,1,1,10,3,control
4,",",0,4,-1,0.9914171695709229,True,1,1,10,3,control
5, Mary,0,5,4,8.550304412841797,False,1,1,10,3,control
6, wrote,0,6,5,6.019630432128906,False,1,1,10,3,control
7, down,0,7,6,4.496373653411865,False,1,1,10,3,control
8, the,0,8,7,1.2372602224349976,False,1,1,10,3,control
9, following,0,9,8,4.111538410186768,False,1,1,10,3,control
10, list,0,10,9,4.3674235343933105,False,1,1,10,3,control
11, of,0,11,10,0.19381344318389893,False,1,1,10,3,control
12, words,0,12,11,5.889780521392822,False,1,1,10,3,control
13,:,0,13,-1,1.3915541172027588,True,1,1,10,3,control
14, sail,1,0,1,13.109341621398926,False,1,1,10,3,control
15,boat,1,1,1,3.1491873264312744,False,1,1,10,3,control
16,",",1,2,-1,0.7098559737205505,True,1,1,10,3,control
17, destroyer,1,3,2,7.337685585021973,False,1,1,10,3,control
18,",",1,4,-1,0.08284525573253632,True,1,1,10,3,control
19, battles,1,5,3,5.584854602813721,False,1,1,10,3,control
20,hip,1,6,3,0.0016945539973676205,False,1,1,10,3,control
21,",",1,7,-1,0.1391996145248413,True,1,1,10,3,control
22, cruiser,1,8,4,2.838001012802124,False,1,1,10,3,control
23,",",1,9,-1,0.11623264104127884,True,1,1,10,3,control
24, submarine,1,10,5,4.29527473449707,False,1,1,10,3,control
25,",",1,11,-1,0.14923633635044098,True,1,1,10,3,control
26, yacht,1,12,6,7.083065986633301,False,1,1,10,3,control
27,",",1,13,-1,0.17043329775333405,True,1,1,10,3,control
28, canoe,1,14,7,7.188238143920898,False,1,1,10,3,control
29,",",1,15,-1,0.13355188071727753,True,1,1,10,3,control
30, fre,1,16,8,6.187663555145264,False,1,1,10,3,control
31,ighter,1,17,8,0.011767260730266571,False,1,1,10,3,control
32,",",1,18,-1,0.11466602236032486,True,1,1,10,3,control
33, tug,1,19,9,4.641828536987305,False,1,1,10,3,control
34,boat,1,20,9,0.33322566747665405,False,1,1,10,3,control
35,",",1,21,-1,0.13814185559749603,True,1,1,10,3,control
36, ste,1,22,10,4.667224884033203,False,1,1,10,3,control
37,ams,1,23,10,3.0264697074890137,False,1,1,10,3,control
38,hip,1,24,10,0.00036197309964336455,False,1,1,10,3,control
39,.,1,25,-1,2.6663384437561035,True,1,1,10,3,control
40,There,2,0,0,11.278450012207031,False,1,1,10,3,control
41, is,2,1,1,2.3250961303710938,False,1,1,10,3,control
42, a,2,2,2,1.6559624671936035,False,1,1,10,3,control
43, voice,2,3,3,9.319366455078125,False,1,1,10,3,control
44, in,2,4,4,1.1103332042694092,False,1,1,10,3,control
45, the,2,5,5,1.2327368259429932,False,1,1,10,3,control
46, waters,2,6,6,5.290281772613525,False,1,1,10,3,control
47, of,2,7,7,2.2128429412841797,False,1,1,10,3,control
48, the,2,8,8,1.137632966041565,False,1,1,10,3,control
49, great,2,9,9,6.281134605407715,False,1,1,10,3,control
50, sea,2,10,10,2.583707809448242,False,1,1,10,3,control
51,.,2,11,-1,1.830694556236267,True,1,1,10,3,control
52, It,2,12,11,2.0178253650665283,False,1,1,10,3,control
53, calls,2,13,12,3.3994712829589844,False,1,1,10,3,control
54, to,2,14,13,2.413428783416748,False,1,1,10,3,control
55, man,2,15,14,7.166585922241211,False,1,1,10,3,control
56, continually,2,16,15,10.717671394348145,False,1,1,10,3,control
57,.,2,17,-1,2.1699018478393555,True,1,1,10,3,control
58, When,2,18,16,4.109496116638184,False,1,1,10,3,control
59, she,2,19,17,6.021364688873291,False,1,1,10,3,control
60, got,2,20,18,7.840928554534912,False,1,1,10,3,control
61, back,2,21,19,3.165674924850464,False,1,1,10,3,control
62,",",2,22,-1,1.9490017890930176,True,1,1,10,3,control
63, she,2,23,20,1.133254051208496,False,1,1,10,3,control
64, read,2,24,21,5.061434268951416,False,1,1,10,3,control
65, the,2,25,22,1.5261943340301514,False,1,1,10,3,control
66, list,2,26,23,2.019939422607422,False,1,1,10,3,control
67, again,2,27,24,3.305483341217041,False,1,1,10,3,control
68,:,2,28,-1,2.503077507019043,True,1,1,10,3,control
69, fly,3,0,1,7.710595607757568,False,1,1,10,3,control
70,",",3,1,-1,1.1809700727462769,True,1,1,10,3,control
71, ant,3,2,2,9.36807632446289,False,1,1,10,3,control
72,",",3,3,-1,1.9892719984054565,True,1,1,10,3,control
73, bee,3,4,3,6.627466201782227,False,1,1,10,3,control
74,",",3,5,-1,0.16851496696472168,True,1,1,10,3,control
75, mosquito,3,6,4,7.406649589538574,False,1,1,10,3,control
76,",",3,7,-1,0.0839497521519661,True,1,1,10,3,control
77, spider,3,8,5,5.274252414703369,False,1,1,10,3,control
78,",",3,9,-1,0.12419602274894714,True,1,1,10,3,control
79, beetle,3,10,6,5.158411979675293,False,1,1,10,3,control
80,",",3,11,-1,0.10308055579662323,True,1,1,10,3,control
81, was,3,12,7,7.7017011642456055,False,1,1,10,3,control
82,p,3,13,7,0.11485128104686737,False,1,1,10,3,control
83,",",3,14,-1,0.07809767127037048,True,1,1,10,3,control
84, moth,3,15,8,5.4653449058532715,False,1,1,10,3,control
85,",",3,16,-1,0.051306579262018204,True,1,1,10,3,control
86, fle,3,17,9,5.600676536560059,False,1,1,10,3,control
87,a,3,18,9,0.11809737980365753,False,1,1,10,3,control
88,",",3,19,-1,0.09604902565479279,True,1,1,10,3,control
89, butterfly,3,20,10,5.495226860046387,False,1,1,10,3,control
90,.,3,21,-1,3.179480791091919,True,1,1,10,3,control
91,<|endoftext|>,3,22,-2,5.983790397644043,False,1,1,10,3,control
0,<|endoftext|>,0,0,-2,nan,False,1,1,10,4,control
1, Before,0,1,1,12.528407096862793,False,1,1,10,4,control
2, the,0,2,2,2.4726693630218506,False,1,1,10,4,control
3, meeting,0,3,3,6.759095191955566,False,1,1,10,4,control
4,",",0,4,-1,0.9914171695709229,True,1,1,10,4,control
5, Mary,0,5,4,8.550304412841797,False,1,1,10,4,control
6, wrote,0,6,5,6.019630432128906,False,1,1,10,4,control
7, down,0,7,6,4.496373653411865,False,1,1,10,4,control
8, the,0,8,7,1.2372602224349976,False,1,1,10,4,control
9, following,0,9,8,4.111538410186768,False,1,1,10,4,control
10, list,0,10,9,4.3674235343933105,False,1,1,10,4,control
11, of,0,11,10,0.19381344318389893,False,1,1,10,4,control
12, words,0,12,11,5.889780521392822,False,1,1,10,4,control
13,:,0,13,-1,1.3915541172027588,True,1,1,10,4,control
14, rob,1,0,1,12.253327369689941,False,1,1,10,4,control
15,in,1,1,1,2.389284610748291,False,1,1,10,4,control
16,",",1,2,-1,1.0901949405670166,True,1,1,10,4,control
17, sp,1,3,2,6.792693138122559,False,1,1,10,4,control
18,arrow,1,4,2,1.179173469543457,False,1,1,10,4,control
19,",",1,5,-1,0.0899936631321907,True,1,1,10,4,control
20, her,1,6,3,7.7856903076171875,False,1,1,10,4,control
21,on,1,7,3,1.2746832370758057,False,1,1,10,4,control
22,",",1,8,-1,0.14099471271038055,True,1,1,10,4,control
23, eagle,1,9,4,5.057392597198486,False,1,1,10,4,control
24,",",1,10,-1,0.1378249228000641,True,1,1,10,4,control
25, crow,1,11,5,5.009839057922363,False,1,1,10,4,control
26,",",1,12,-1,0.12124734371900558,True,1,1,10,4,control
27, hawk,1,13,6,3.832615375518799,False,1,1,10,4,control
28,",",1,14,-1,0.09558304399251938,True,1,1,10,4,control
29, par,1,15,7,5.988786220550537,False,1,1,10,4,control
30,rot,1,16,7,0.22905902564525604,False,1,1,10,4,control
31,",",1,17,-1,0.06870919466018677,True,1,1,10,4,control
32, pigeon,1,18,8,4.812264442443848,False,1,1,10,4,control
33,",",1,19,-1,0.04891465604305267,True,1,1,10,4,control
34, wood,1,20,9,7.2644853591918945,False,1,1,10,4,control
35,pe,1,21,9,0.7440411448478699,False,1,1,10,4,control
36,cker,1,22,9,0.029637008905410767,False,1,1,10,4,control
37,",",1,23,-1,0.07201337814331055,True,1,1,10,4,control
38, v,1,24,10,5.9302592277526855,False,1,1,10,4,control
39,ulture,1,25,10,0.22001107037067413,False,1,1,10,4,control
40,.,1,26,-1,3.8843677043914795,True,1,1,10,4,control
41,There,2,0,0,11.499195098876953,False,1,1,10,4,control
42, is,2,1,1,2.524843215942383,False,1,1,10,4,control
43, a,2,2,2,1.6491336822509766,False,1,1,10,4,control
44, voice,2,3,3,8.858918190002441,False,1,1,10,4,control
45, in,2,4,4,1.2333680391311646,False,1,1,10,4,control
46, the,2,5,5,0.9510287046432495,False,1,1,10,4,control
47, waters,2,6,6,7.63150691986084,False,1,1,10,4,control
48, of,2,7,7,2.0094401836395264,False,1,1,10,4,control
49, the,2,8,8,0.9259045124053955,False,1,1,10,4,control
50, great,2,9,9,6.534245014190674,False,1,1,10,4,control
51, sea,2,10,10,2.8596715927124023,False,1,1,10,4,control
52,.,2,11,-1,2.3179101943969727,True,1,1,10,4,control
53, It,2,12,11,2.4512319564819336,False,1,1,10,4,control
54, calls,2,13,12,2.72776460647583,False,1,1,10,4,control
55, to,2,14,13,2.2742574214935303,False,1,1,10,4,control
56, man,2,15,14,6.75089168548584,False,1,1,10,4,control
57, continually,2,16,15,9.524351119995117,False,1,1,10,4,control
58,.,2,17,-1,1.9103635549545288,True,1,1,10,4,control
59, When,2,18,16,4.002303600311279,False,1,1,10,4,control
60, she,2,19,17,6.286993980407715,False,1,1,10,4,control
61, got,2,20,18,6.887979984283447,False,1,1,10,4,control
62, back,2,21,19,3.4362473487854004,False,1,1,10,4,control
63,",",2,22,-1,1.7907443046569824,True,1,1,10,4,control
64, she,2,23,20,1.1544359922409058,False,1,1,10,4,control
65, read,2,24,21,5.034489631652832,False,1,1,10,4,control
66, the,2,25,22,1.503951072692871,False,1,1,10,4,control
67, list,2,26,23,2.5450425148010254,False,1,1,10,4,control
68, again,2,27,24,3.206973075866699,False,1,1,10,4,control
69,:,2,28,-1,2.33105206489563,True,1,1,10,4,control
70, log,3,0,1,9.353830337524414,False,1,1,10,4,control
71,",",3,1,-1,0.3030189573764801,True,1,1,10,4,control
72, cat,3,2,2,5.33770751953125,False,1,1,10,4,control
73,",",3,3,-1,0.7723694443702698,True,1,1,10,4,control
74, horse,3,4,3,4.321226596832275,False,1,1,10,4,control
75,",",3,5,-1,0.055629950016736984,True,1,1,10,4,control
76, cow,3,6,4,3.8045060634613037,False,1,1,10,4,control
77,",",3,7,-1,0.0590483583509922,True,1,1,10,4,control
78, lion,3,8,5,6.306266784667969,False,1,1,10,4,control
79,",",3,9,-1,0.11177979409694672,True,1,1,10,4,control
80, tiger,3,10,6,4.804118633270264,False,1,1,10,4,control
81,",",3,11,-1,0.14176076650619507,True,1,1,10,4,control
82, elephant,3,12,7,4.635032653808594,False,1,1,10,4,control
83,",",3,13,-1,0.14973893761634827,True,1,1,10,4,control
84, pig,3,14,8,4.565446853637695,False,1,1,10,4,control
85,",",3,15,-1,0.0794636607170105,True,1,1,10,4,control
86, bear,3,16,9,4.1794281005859375,False,1,1,10,4,control
87,",",3,17,-1,0.09969160705804825,True,1,1,10,4,control
88, mouse,3,18,10,5.495726585388184,False,1,1,10,4,control
89,.,3,19,-1,3.2530651092529297,True,1,1,10,4,control
90,<|endoftext|>,3,20,-2,5.725575923919678,False,1,1,10,4,control
0,<|endoftext|>,0,0,-2,nan,False,1,1,10,5,control
1, Before,0,1,1,12.528407096862793,False,1,1,10,5,control
2, the,0,2,2,2.4726693630218506,False,1,1,10,5,control
3, meeting,0,3,3,6.759095191955566,False,1,1,10,5,control
4,",",0,4,-1,0.9914171695709229,True,1,1,10,5,control
5, Mary,0,5,4,8.550304412841797,False,1,1,10,5,control
6, wrote,0,6,5,6.019630432128906,False,1,1,10,5,control
7, down,0,7,6,4.496373653411865,False,1,1,10,5,control
8, the,0,8,7,1.2372602224349976,False,1,1,10,5,control
9, following,0,9,8,4.111538410186768,False,1,1,10,5,control
10, list,0,10,9,4.3674235343933105,False,1,1,10,5,control
11, of,0,11,10,0.19381344318389893,False,1,1,10,5,control
12, words,0,12,11,5.889780521392822,False,1,1,10,5,control
13,:,0,13,-1,1.3915541172027588,True,1,1,10,5,control
14, apple,1,0,1,11.40364933013916,False,1,1,10,5,control
15,",",1,1,-1,0.9844260811805725,True,1,1,10,5,control
16, pear,1,2,2,4.991515159606934,False,1,1,10,5,control
17,",",1,3,-1,0.08136355131864548,True,1,1,10,5,control
18, banana,1,4,3,4.507816314697266,False,1,1,10,5,control
19,",",1,5,-1,0.1392465978860855,True,1,1,10,5,control
20, peach,1,6,4,3.9203062057495117,False,1,1,10,5,control
21,",",1,7,-1,0.13957780599594116,True,1,1,10,5,control
22, grape,1,8,5,3.3899898529052734,False,1,1,10,5,control
23,",",1,9,-1,1.6226425170898438,True,1,1,10,5,control
24, cherry,1,10,6,3.7280263900756836,False,1,1,10,5,control
25,",",1,11,-1,0.11731891334056854,True,1,1,10,5,control
26, plum,1,12,7,3.507991313934326,False,1,1,10,5,control
27,",",1,13,-1,0.08986858278512955,True,1,1,10,5,control
28, grape,1,14,8,2.990654945373535,False,1,1,10,5,control
29,fruit,1,15,8,0.2268778383731842,False,1,1,10,5,control
30,",",1,16,-1,0.12598933279514313,True,1,1,10,5,control
31, lemon,1,17,9,3.825807571411133,False,1,1,10,5,control
32,",",1,18,-1,0.08539413660764694,True,1,1,10,5,control
33, apr,1,19,10,5.130112171173096,False,1,1,10,5,control
34,ic,1,20,10,0.00028772983932867646,False,1,1,10,5,control
35,ot,1,21,10,0.007584466133266687,False,1,1,10,5,control
36,.,1,22,-1,4.028526782989502,True,1,1,10,5,control
37,There,2,0,0,11.123873710632324,False,1,1,10,5,control
38, is,2,1,1,2.4510550498962402,False,1,1,10,5,control
39, a,2,2,2,1.6608718633651733,False,1,1,10,5,control
40, voice,2,3,3,8.964271545410156,False,1,1,10,5,control
41, in,2,4,4,1.08713698387146,False,1,1,10,5,control
42, the,2,5,5,1.5437731742858887,False,1,1,10,5,control
43, waters,2,6,6,8.925865173339844,False,1,1,10,5,control
44, of,2,7,7,1.9651944637298584,False,1,1,10,5,control
45, the,2,8,8,1.1412979364395142,False,1,1,10,5,control
46, great,2,9,9,7.218666076660156,False,1,1,10,5,control
47, sea,2,10,10,2.8339030742645264,False,1,1,10,5,control
48,.,2,11,-1,2.0471789836883545,True,1,1,10,5,control
49, It,2,12,11,2.2227659225463867,False,1,1,10,5,control
50, calls,2,13,12,3.0487375259399414,False,1,1,10,5,control
51, to,2,14,13,2.5109081268310547,False,1,1,10,5,control
52, man,2,15,14,7.327298164367676,False,1,1,10,5,control
53, continually,2,16,15,9.87215805053711,False,1,1,10,5,control
54,.,2,17,-1,2.0315213203430176,True,1,1,10,5,control
55, When,2,18,16,4.1016011238098145,False,1,1,10,5,control
56, she,2,19,17,6.142739295959473,False,1,1,10,5,control
57, got,2,20,18,6.928291320800781,False,1,1,10,5,control
58, back,2,21,19,3.244812250137329,False,1,1,10,5,control
59,",",2,22,-1,1.8979582786560059,True,1,1,10,5,control
60, she,2,23,20,1.117769479751587,False,1,1,10,5,control
61, read,2,24,21,4.759222030639648,False,1,1,10,5,control
62, the,2,25,22,1.530632495880127,False,1,1,10,5,control
63, list,2,26,23,2.4649899005889893,False,1,1,10,5,control
64, again,2,27,24,3.0145440101623535,False,1,1,10,5,control
65,:,2,28,-1,2.497601270675659,True,1,1,10,5,control
66, murder,3,0,1,11.719123840332031,False,1,1,10,5,control
67,",",3,1,-1,0.2352180778980255,True,1,1,10,5,control
68, rape,3,2,2,2.553647756576538,False,1,1,10,5,control
69,",",3,3,-1,0.048726990818977356,True,1,1,10,5,control
70, robbery,3,4,3,3.0108649730682373,False,1,1,10,5,control
71,",",3,5,-1,0.10130112618207932,True,1,1,10,5,control
72, theft,3,6,4,3.4825546741485596,False,1,1,10,5,control
73,",",3,7,-1,0.1385122388601303,True,1,1,10,5,control
74, assault,3,8,5,4.681802749633789,False,1,1,10,5,control
75,",",3,9,-1,0.22265401482582092,True,1,1,10,5,control
76, arson,3,10,6,3.3024020195007324,False,1,1,10,5,control
77,",",3,11,-1,0.1691414713859558,True,1,1,10,5,control
78, kidnapping,3,12,7,3.63374924659729,False,1,1,10,5,control
79,",",3,13,-1,0.12983115017414093,True,1,1,10,5,control
80, l,3,14,8,5.39060115814209,False,1,1,10,5,control
81,arc,3,15,8,0.017481060698628426,False,1,1,10,5,control
82,eny,3,16,8,0.0011598295532166958,False,1,1,10,5,control
83,",",3,17,-1,0.1413005143404007,True,1,1,10,5,control
84, adultery,3,18,9,4.858371734619141,False,1,1,10,5,control
85,",",3,19,-1,0.10654453933238983,True,1,1,10,5,control
86, battery,3,20,10,6.368095397949219,False,1,1,10,5,control
87,.,3,21,-1,2.9220385551452637,True,1,1,10,5,control
88,<|endoftext|>,3,22,-2,5.93698263168335,False,1,1,10,5,control
